fact_key,date_key,fund_key,distributor_key,region_key,rm_key,opening_aum_eur,closing_aum_eur,avg_aum_eur,target_aum_eur,gross_subscriptions_eur,gross_redemptions_eur,net_subscriptions_eur,market_movement_eur,management_fee_bps,fee_revenue_eur,created_at
1,20240131,1,1,1,1,98562734.849999994,96923967.569999993,97743351.209999993,9215061.18,1347740.88,3091704.89,-1743964,105196.73,165,134397.11,2026-08-18 01:27:35.973859 UTC
2,20240229,1,1,1,1,96923967.569999993,96207726.719999999,96565847.150000006,18430122.370000001,3243807.74,2493756,750051.74,-1466292.59,165,132778.04,2026-08-18 01:27:35.973859 UTC
3,20240331,1,1,1,1,96207726.719999999,96254145.209999993,96230935.969999999,27645183.550000001,1012468.22,989699.85,22768.37,23650.11,165,132317.54,2026-08-18 01:27:35.973859 UTC
4,20240430,1,1,1,1,96254145.209999993,100679150.299999997,98466647.75,36860244.740000002,3838227.25,1350994.85,2487232.4,1937772.69,165,135391.64,2026-08-18 01:27:35.973859 UTC
5,20240531,1,1,1,1,100679150.299999997,101396685.090000004,101037917.700000003,46075305.920000002,1575002.43,3338044.91,-1763042.48,2480577.28,165,138927.14,2026-08-18 01:27:35.973859 UTC
6,20240630,1,1,1,1,101396685.090000004,102304264.310000002,101850474.700000003,55290367.109999999,1425373.16,2602135.2,-1176762.04,2084341.26,165,140044.4,2026-08-18 01:27:35.973859 UTC
7,20240731,1,1,1,1,102304264.310000002,98931513.849999994,100617889.079999998,64505428.289999999,2222444.89,3656040.14,-1433595.25,-1939155.21,165,138349.6,2026-08-18 01:27:35.973859 UTC
8,20240831,1,1,1,1,98931513.849999994,101691798.180000007,100311656.019999996,73720489.480000004,2741406.81,2777855.65,-36448.84,2796733.17,165,137928.53,2026-08-18 01:27:35.973859 UTC
9,20240930,1,1,1,1,101691798.180000007,99648792.709999993,100670295.450000003,82935550.659999996,1186637.01,3252557.04,-2065920.03,22914.55,165,138421.66,2026-08-18 01:27:35.973859 UTC
10,20241031,1,1,1,1,99648792.709999993,100830901.870000005,100239847.290000007,92150611.849999994,3226240.82,1773132.94,1453107.87,-270998.71,165,137829.79,2026-08-18 01:27:35.973859 UTC
11,20241130,1,1,1,1,100830901.870000005,103759624.239999995,102295263.049999997,101365673.030000001,3617577.88,2751675,865902.88,2062819.49,165,140655.99,2026-08-18 01:27:35.973859 UTC
12,20241231,1,1,1,1,103759624.239999995,101405119.879999995,102582372.060000002,110580734.219999999,1774521.59,2614738.64,-840217.05,-1514287.32,165,141050.76,2026-08-18 01:27:35.973859 UTC
13,20250131,1,1,1,1,101405119.879999995,103306434.090000004,102355776.980000004,119795795.400000006,1812593.2,2405581.95,-592988.75,2494302.96,165,140739.19,2026-08-18 01:27:35.973859 UTC
14,20250228,1,1,1,1,103306434.090000004,102861819.459999993,103084126.780000001,129010856.590000004,2347104.04,3673536.07,-1326432.03,881817.4,165,141740.67,2026-08-18 01:27:35.973859 UTC
15,20250331,1,1,1,1,102861819.459999993,106013997.420000002,104437908.439999998,138225917.770000011,2340953.84,1061099.85,1279853.99,1872323.98,165,143602.12,2026-08-18 01:27:35.973859 UTC
16,20250430,1,1,1,1,106013997.420000002,105589319.959999993,105801658.689999998,147440978.960000008,1827646.83,1852210.98,-24564.15,-400113.32,165,145477.28,2026-08-18 01:27:35.973859 UTC
17,20250531,1,1,1,1,105589319.959999993,106639244.549999997,106114282.25,156656040.139999986,2037127.31,1891916.81,145210.5,904714.1,165,145907.14,2026-08-18 01:27:35.973859 UTC
18,20250630,1,1,1,1,106639244.549999997,105942431.180000007,106290837.870000005,165871101.330000013,2907574.33,3591436.25,-683861.92,-12951.45,165,146149.9,2026-08-18 01:27:35.973859 UTC
19,20240131,2,1,1,1,93425361.790000007,94891021.840000004,94158191.819999993,6514491.69,2668929.16,1893939.1,774990.05,690670,150,117697.74,2026-08-18 01:27:35.973859 UTC
20,20240229,2,1,1,1,94891021.840000004,93436375.700000003,94163698.769999996,13028983.390000001,2478537.45,1491442.1,987095.35,-2441741.49,150,117704.62,2026-08-18 01:27:35.973859 UTC
21,20240331,2,1,1,1,93436375.700000003,93856475.159999996,93646425.430000007,19543475.079999998,3253372.29,2404160.61,849211.68,-429112.22,150,117058.03,2026-08-18 01:27:35.973859 UTC
22,20240430,2,1,1,1,93856475.159999996,96344847.430000007,95100661.290000007,26057966.77,2964038.31,770077.83,2193960.48,294411.79,150,118875.83,2026-08-18 01:27:35.973859 UTC
23,20240531,2,1,1,1,96344847.430000007,93095417.439999998,94720132.430000007,32572458.469999999,1593437.62,2396846.33,-803408.71,-2446021.28,150,118400.17,2026-08-18 01:27:35.973859 UTC
24,20240630,2,1,1,1,93095417.439999998,92018319.140000001,92556868.290000007,39086950.159999996,1396564.26,2367914.26,-971350,-105748.31,150,115696.09,2026-08-18 01:27:35.973859 UTC
25,20240731,2,1,1,1,92018319.140000001,93274480.189999998,92646399.670000002,45601441.850000001,2997438,941733.94,2055704.06,-799543,150,115808,2026-08-18 01:27:35.973859 UTC
26,20240831,2,1,1,1,93274480.189999998,95965609.629999995,94620044.909999996,52115933.549999997,3058013.92,2293039.02,764974.89,1926154.54,150,118275.06,2026-08-18 01:27:35.973859 UTC
27,20240930,2,1,1,1,95965609.629999995,97001086.920000002,96483348.269999996,58630425.240000002,3504829.58,1807786.28,1697043.31,-661566.02,150,120604.19,2026-08-18 01:27:35.973859 UTC
28,20241031,2,1,1,1,97001086.920000002,98450388.519999996,97725737.719999999,65144916.93,2095185.27,1437878.65,657306.62,791994.98,150,122157.17,2026-08-18 01:27:35.973859 UTC
29,20241130,2,1,1,1,98450388.519999996,103530169.769999996,100990279.150000006,71659408.629999995,3543965.05,1560206.61,1983758.44,3096022.81,150,126237.85,2026-08-18 01:27:35.973859 UTC
30,20241231,2,1,1,1,103530169.769999996,101875971.159999996,102703070.469999999,78173900.319999993,1786489.16,1627823.07,158666.1,-1812864.71,150,128378.84,2026-08-18 01:27:35.973859 UTC
31,20250131,2,1,1,1,101875971.159999996,103698737.269999996,102787354.209999993,84688392.010000005,2861045.03,2274954.17,586090.86,1236675.25,150,128484.19,2026-08-18 01:27:35.973859 UTC
32,20250228,2,1,1,1,103698737.269999996,103960650.579999998,103829693.920000002,91202883.709999993,1474558.65,2929697.85,-1455139.2,1717052.5,150,129787.12,2026-08-18 01:27:35.973859 UTC
33,20250331,2,1,1,1,103960650.579999998,106243221,105101935.790000007,97717375.400000006,3791981.69,1128821.18,2663160.51,-380590.09,150,131377.42,2026-08-18 01:27:35.973859 UTC
34,20250430,2,1,1,1,106243221,104908030.909999996,105575625.959999993,104231867.090000004,1504295.93,1442662.39,61633.54,-1396823.63,150,131969.53,2026-08-18 01:27:35.973859 UTC
35,20250531,2,1,1,1,104908030.909999996,108202046.049999997,106555038.480000004,110746358.790000007,2724590.75,1922520.34,802070.4,2491944.74,150,133193.8,2026-08-18 01:27:35.973859 UTC
36,20250630,2,1,1,1,108202046.049999997,109406624.349999994,108804335.200000003,117260850.480000004,3403949.86,1219293.66,2184656.19,-980077.89,150,136005.42,2026-08-18 01:27:35.973859 UTC
37,20240131,3,1,1,1,65711532.479999997,68140520.310000002,66926026.390000001,8847808.57,1355831.38,667414.71,688416.66,1740571.17,195,108754.79,2026-08-18 01:27:35.973859 UTC
38,20240229,3,1,1,1,68140520.310000002,69229577.629999995,68685048.969999999,17695617.129999999,2325900.16,1151857.52,1174042.65,-84985.33,195,111613.2,2026-08-18 01:27:35.973859 UTC
39,20240331,3,1,1,1,69229577.629999995,70576871.239999995,69903224.430000007,26543425.699999999,2086555.27,861213.38,1225341.9,121951.71,195,113592.74,2026-08-18 01:27:35.973859 UTC
40,20240430,3,1,1,1,70576871.239999995,72644722.099999994,71610796.670000002,35391234.270000003,1791097.34,1181307.19,609790.15,1458060.71,195,116367.54,2026-08-18 01:27:35.973859 UTC
41,20240531,3,1,1,1,72644722.099999994,72175314.420000002,72410018.260000005,44239042.840000004,2136349.64,2300175.75,-163826.11,-305581.57,195,117666.28,2026-08-18 01:27:35.973859 UTC
42,20240630,3,1,1,1,72175314.420000002,73253176.859999999,72714245.640000001,53086851.399999999,1308903.66,1530735.07,-221831.4,1299693.84,195,118160.65,2026-08-18 01:27:35.973859 UTC
43,20240731,3,1,1,1,73253176.859999999,71559449.159999996,72406313.010000005,61934659.969999999,1712623.84,2012408.49,-299784.65,-1393943.06,195,117660.26,2026-08-18 01:27:35.973859 UTC
44,20240831,3,1,1,1,71559449.159999996,70580315.159999996,71069882.159999996,70782468.540000007,1584181.02,2077670.9,-493489.88,-485644.12,195,115488.56,2026-08-18 01:27:35.973859 UTC
45,20240930,3,1,1,1,70580315.159999996,74266391.650000006,72423353.400000006,79630277.109999999,2662734.1,1276865.18,1385868.92,2300207.57,195,117687.95,2026-08-18 01:27:35.973859 UTC
46,20241031,3,1,1,1,74266391.650000006,77030273.700000003,75648332.670000002,88478085.670000002,2876258.87,2113462.08,762796.79,2001085.26,195,122928.54,2026-08-18 01:27:35.973859 UTC
47,20241130,3,1,1,1,77030273.700000003,78133534.010000005,77581903.859999999,97325894.239999995,2685034.86,1677677.86,1007357,95903.31,195,126070.59,2026-08-18 01:27:35.973859 UTC
48,20241231,3,1,1,1,78133534.010000005,79661434.599999994,78897484.310000002,106173702.810000002,1940518.32,1631853.97,308664.34,1219236.24,195,128208.41,2026-08-18 01:27:35.973859 UTC
49,20250131,3,1,1,1,79661434.599999994,77478095.530000001,78569765.060000002,115021511.379999995,1406945.75,1780861.07,-373915.32,-1809423.76,195,127675.87,2026-08-18 01:27:35.973859 UTC
50,20250228,3,1,1,1,77478095.530000001,79263931.560000002,78371013.540000007,123869319.939999998,1989450.6,1132654.25,856796.35,929039.68,195,127352.9,2026-08-18 01:27:35.973859 UTC
51,20250331,3,1,1,1,79263931.560000002,78063781.25,78663856.400000006,132717128.510000005,1925731.17,2698097.58,-772366.4,-427783.91,195,127828.77,2026-08-18 01:27:35.973859 UTC
52,20250430,3,1,1,1,78063781.25,77104366.040000007,77584073.640000001,141564937.080000013,1906408.67,2561071.84,-654663.17,-304752.04,195,126074.12,2026-08-18 01:27:35.973859 UTC
53,20250531,3,1,1,1,77104366.040000007,78814323.969999999,77959345,150412745.650000006,955676.06,1764532.85,-808856.79,2518814.72,195,126683.94,2026-08-18 01:27:35.973859 UTC
54,20250630,3,1,1,1,78814323.969999999,78822416.700000003,78818370.329999998,159260554.210000008,1218149.47,1838772.07,-620622.6,628715.33,195,128079.85,2026-08-18 01:27:35.973859 UTC
55,20240131,5,1,1,1,58641499.560000002,58364751.280000001,58503125.420000002,9155530.689999999,950084.34,1528825.49,-578741.15,301992.87,135,65816.02,2026-08-18 01:27:35.973859 UTC
56,20240229,5,1,1,1,58364751.280000001,59248582.259999998,58806666.770000003,18311061.390000001,1944914.49,683099.44,1261815.05,-377984.07,135,66157.5,2026-08-18 01:27:35.973859 UTC
57,20240331,5,1,1,1,59248582.259999998,59144867.259999998,59196724.759999998,27466592.079999998,719354.3,503978.78,215375.52,-319090.52,135,66596.32,2026-08-18 01:27:35.973859 UTC
58,20240430,5,1,1,1,59144867.259999998,60689543.539999999,59917205.399999999,36622122.770000003,2063594.87,972385.97,1091208.9,453467.37,135,67406.86,2026-08-18 01:27:35.973859 UTC
59,20240531,5,1,1,1,60689543.539999999,61679958.740000002,61184751.140000001,45777653.469999999,1803513.93,1171895.29,631618.64,358796.56,135,68832.85,2026-08-18 01:27:35.973859 UTC
60,20240630,5,1,1,1,61679958.740000002,62683113.009999998,62181535.880000003,54933184.159999996,2443925.44,1284777.73,1159147.71,-155993.44,135,69954.23,2026-08-18 01:27:35.973859 UTC
61,20240731,5,1,1,1,62683113.009999998,61764506.549999997,62223809.780000001,64088714.859999999,837587.87,1897579.19,-1059991.32,141384.86,135,70001.79,2026-08-18 01:27:35.973859 UTC
62,20240831,5,1,1,1,61764506.549999997,61947344.149999999,61855925.350000001,73244245.549999997,2118657.18,1566863.63,551793.55,-368955.95,135,69587.92,2026-08-18 01:27:35.973859 UTC
63,20240930,5,1,1,1,61947344.149999999,61834622.18,61890983.159999996,82399776.239999995,1514220.22,1250067.1,264153.12,-376875.1,135,69627.36,2026-08-18 01:27:35.973859 UTC
64,20241031,5,1,1,1,61834622.18,62865904.979999997,62350263.579999998,91555306.939999998,2020268.38,929931.33,1090337.05,-59054.25,135,70144.05,2026-08-18 01:27:35.973859 UTC
65,20241130,5,1,1,1,62865904.979999997,64958381.960000001,63912143.469999999,100710837.629999995,2331348.87,689209.74,1642139.12,450337.86,135,71901.16,2026-08-18 01:27:35.973859 UTC
66,20241231,5,1,1,1,64958381.960000001,65137713.259999998,65048047.609999999,109866368.319999993,993814.58,875900.39,117914.19,61417.11,135,73179.05,2026-08-18 01:27:35.973859 UTC
67,20250131,5,1,1,1,65137713.259999998,66411842.549999997,65774777.909999996,119021899.019999996,1604627.06,547957.57,1056669.49,217459.8,135,73996.63,2026-08-18 01:27:35.973859 UTC
68,20250228,5,1,1,1,66411842.549999997,66624586.859999999,66518214.700000003,128177429.709999993,1468683.02,971753.02,496930.01,-284185.7,135,74832.99,2026-08-18 01:27:35.973859 UTC
69,20250331,5,1,1,1,66624586.859999999,66614322.689999998,66619454.770000003,137332960.409999996,1384192.7,1898634.91,-514442.21,504178.05,135,74946.89,2026-08-18 01:27:35.973859 UTC
70,20250430,5,1,1,1,66614322.689999998,67535796.510000005,67075059.600000001,146488491.099999994,2155384.67,1717176.13,438208.54,483265.28,135,75459.44,2026-08-18 01:27:35.973859 UTC
71,20250531,5,1,1,1,67535796.510000005,68447543.030000001,67991669.769999996,155644021.789999992,2080748.53,1509995.22,570753.31,340993.21,135,76490.63,2026-08-18 01:27:35.973859 UTC
72,20250630,5,1,1,1,68447543.030000001,69137758.189999998,68792650.609999999,164799552.49000001,1561546.92,1400364.78,161182.14,529033.02,135,77391.73,2026-08-18 01:27:35.973859 UTC
73,20240131,6,1,1,1,58046208.840000004,57849816.509999998,57948012.68,9476823.640000001,1648163,1596638.39,51524.61,-247916.94,130,62777.01,2026-08-18 01:27:35.973859 UTC
74,20240229,6,1,1,1,57849816.509999998,58768853.619999997,58309335.07,18953647.27,1445405.63,1273715.5,171690.12,747346.99,130,63168.45,2026-08-18 01:27:35.973859 UTC
75,20240331,6,1,1,1,58768853.619999997,59534043.390000001,59151448.509999998,28430470.91,1942155.05,1581417.52,360737.53,404452.24,130,64080.74,2026-08-18 01:27:35.973859 UTC
76,20240430,6,1,1,1,59534043.390000001,60137363.210000001,59835703.299999997,37907294.549999997,1413174.07,1726342.24,-313168.17,916488,130,64822.01,2026-08-18 01:27:35.973859 UTC
77,20240531,6,1,1,1,60137363.210000001,61447200.460000001,60792281.840000004,47384118.18,1254197.4,570692.02,683505.38,626331.87,130,65858.31,2026-08-18 01:27:35.973859 UTC
78,20240630,6,1,1,1,61447200.460000001,60054505.32,60750852.890000001,56860941.82,1125724.84,1983792.26,-858067.42,-534627.72,130,65813.42,2026-08-18 01:27:35.973859 UTC
79,20240731,6,1,1,1,60054505.32,60058927.829999998,60056716.579999998,66337765.460000001,1452837.61,1832925.37,-380087.76,384510.27,130,65061.44,2026-08-18 01:27:35.973859 UTC
80,20240831,6,1,1,1,60058927.829999998,60259481.850000001,60159204.840000004,75814589.090000004,1257751.55,1293041.01,-35289.46,235843.48,130,65172.47,2026-08-18 01:27:35.973859 UTC
81,20240930,6,1,1,1,60259481.850000001,60289921.100000001,60274701.469999999,85291412.730000004,1480932.97,2155511.68,-674578.71,705017.96,130,65297.59,2026-08-18 01:27:35.973859 UTC
82,20241031,6,1,1,1,60289921.100000001,59555816.539999999,59922868.82,94768236.370000005,663525.56,1718025.5,-1054499.94,320395.39,130,64916.44,2026-08-18 01:27:35.973859 UTC
83,20241130,6,1,1,1,59555816.539999999,57702530.119999997,58629173.329999998,104245060,900317.7,1981133.42,-1080815.73,-772470.7,130,63514.94,2026-08-18 01:27:35.973859 UTC
84,20241231,6,1,1,1,57702530.119999997,56748030.270000003,57225280.189999998,113721883.640000001,1724179.26,1978235.95,-254056.68,-700443.16,130,61994.05,2026-08-18 01:27:35.973859 UTC
85,20250131,6,1,1,1,56748030.270000003,57127344.829999998,56937687.549999997,123198707.269999996,1778640.61,1449427.41,329213.19,50101.37,130,61682.49,2026-08-18 01:27:35.973859 UTC
86,20250228,6,1,1,1,57127344.829999998,56007294.369999997,56567319.600000001,132675530.909999996,714682.1,1949112.83,-1234430.72,114380.26,130,61281.26,2026-08-18 01:27:35.973859 UTC
87,20250331,6,1,1,1,56007294.369999997,55336095.880000003,55671695.119999997,142152354.550000012,784916.74,815996.01,-31079.27,-640119.22,130,60311,2026-08-18 01:27:35.973859 UTC
88,20250430,6,1,1,1,55336095.880000003,55541130.799999997,55438613.340000004,151629178.180000007,983309.33,445017.4,538291.93,-333257.02,130,60058.5,2026-08-18 01:27:35.973859 UTC
89,20250531,6,1,1,1,55541130.799999997,55367959.719999999,55454545.259999998,161106001.819999993,901976.38,1123043.94,-221067.56,47896.49,130,60075.76,2026-08-18 01:27:35.973859 UTC
90,20250630,6,1,1,1,55367959.719999999,54594093.799999997,54981026.759999998,170582825.460000008,795638.52,954998.67,-159360.15,-614505.78,130,59562.78,2026-08-18 01:27:35.973859 UTC
91,20240131,7,1,1,1,41928655.579999998,41409401.939999998,41669028.759999998,5811176.01,559444.86,556730.12,2714.73,-521968.38,105,36460.4,2026-08-18 01:27:35.973859 UTC
92,20240229,7,1,1,1,41409401.939999998,42173563.710000001,41791482.82,11622352.02,761877.07,607014.77,154862.31,609299.46,105,36567.55,2026-08-18 01:27:35.973859 UTC
93,20240331,7,1,1,1,42173563.710000001,41968740.280000001,42071151.990000002,17433528.030000001,848846.02,925738.62,-76892.6,-127930.83,105,36812.26,2026-08-18 01:27:35.973859 UTC
94,20240430,7,1,1,1,41968740.280000001,42995461.280000001,42482100.780000001,23244704.039999999,1669753.42,1222044.03,447709.39,579011.61,105,37171.84,2026-08-18 01:27:35.973859 UTC
95,20240531,7,1,1,1,42995461.280000001,43585659.789999999,43290560.530000001,29055880.059999999,689376.24,697157.68,-7781.44,597979.95,105,37879.24,2026-08-18 01:27:35.973859 UTC
96,20240630,7,1,1,1,43585659.789999999,44403836.119999997,43994747.950000003,34867056.07,917413.87,537627.58,379786.29,438390.04,105,38495.4,2026-08-18 01:27:35.973859 UTC
97,20240731,7,1,1,1,44403836.119999997,43540378.32,43972107.219999999,40678232.079999998,749109.31,1287768.25,-538658.94,-324798.86,105,38475.59,2026-08-18 01:27:35.973859 UTC
98,20240831,7,1,1,1,43540378.32,43664619.079999998,43602498.700000003,46489408.090000004,990210.23,803863.02,186347.22,-62106.46,105,38152.19,2026-08-18 01:27:35.973859 UTC
99,20240930,7,1,1,1,43664619.079999998,44477619.159999996,44071119.119999997,52300584.100000001,677145.27,541611.18,135534.09,677466,105,38562.23,2026-08-18 01:27:35.973859 UTC
100,20241031,7,1,1,1,44477619.159999996,44432420.659999996,44455019.909999996,58111760.109999999,1014956.19,1240944.16,-225987.97,180789.47,105,38898.14,2026-08-18 01:27:35.973859 UTC
101,20241130,7,1,1,1,44432420.659999996,44177777.780000001,44305099.219999999,63922936.119999997,1170222.76,1509646.65,-339423.89,84781.01,105,38766.96,2026-08-18 01:27:35.973859 UTC
102,20241231,7,1,1,1,44177777.780000001,43556396.57,43867087.18,69734112.129999995,1097745,1507443.95,-409698.95,-211682.26,105,38383.7,2026-08-18 01:27:35.973859 UTC
103,20250131,7,1,1,1,43556396.57,43112234.329999998,43334315.450000003,75545288.140000001,1127525.19,1532712.52,-405187.33,-38974.91,105,37917.53,2026-08-18 01:27:35.973859 UTC
104,20250228,7,1,1,1,43112234.329999998,42267900.579999998,42690067.450000003,81356464.159999996,446013.65,1544273.16,-1098259.52,253925.77,105,37353.81,2026-08-18 01:27:35.973859 UTC
105,20250331,7,1,1,1,42267900.579999998,41342446.759999998,41805173.670000002,87167640.170000002,546520.16,1242000.81,-695480.64,-229973.18,105,36579.53,2026-08-18 01:27:35.973859 UTC
106,20250430,7,1,1,1,41342446.759999998,40938031.700000003,41140239.229999997,92978816.180000007,440128.83,1382495.56,-942366.73,537951.68,105,35997.71,2026-08-18 01:27:35.973859 UTC
107,20250531,7,1,1,1,40938031.700000003,40338987.969999999,40638509.840000004,98789992.189999998,1015852.14,1067055.08,-51202.95,-547840.78,105,35558.7,2026-08-18 01:27:35.973859 UTC
108,20250630,7,1,1,1,40338987.969999999,39548919.619999997,39943953.799999997,104601168.200000003,546924.01,1296847.79,-749923.78,-40144.58,105,34950.96,2026-08-18 01:27:35.973859 UTC
109,20240131,8,1,1,1,99704603.010000005,99953253.230000004,99828928.120000005,9147088.48,1293810.22,1062990.4,230819.82,17830.4,35,29116.77,2026-08-18 01:27:35.973859 UTC
110,20240229,8,1,1,1,99953253.230000004,97793003.719999999,98873128.480000004,18294176.949999999,1422207.89,3562004.89,-2139796.99,-20452.51,35,28838,2026-08-18 01:27:35.973859 UTC
111,20240331,8,1,1,1,97793003.719999999,98913590.739999995,98353297.230000004,27441265.43,3721731.89,2634157.37,1087574.52,33012.49,35,28686.38,2026-08-18 01:27:35.973859 UTC
112,20240430,8,1,1,1,98913590.739999995,99028456.879999995,98971023.810000002,36588353.909999996,1288546.59,1220497.21,68049.37,46816.77,35,28866.55,2026-08-18 01:27:35.973859 UTC
113,20240531,8,1,1,1,99028456.879999995,96813367.280000001,97920912.079999998,45735442.380000003,1153325.53,3382427.19,-2229101.66,14012.07,35,28560.27,2026-08-18 01:27:35.973859 UTC
114,20240630,8,1,1,1,96813367.280000001,97143399.200000003,96978383.239999995,54882530.859999999,2288456.35,1920661.84,367794.51,-37762.59,35,28285.36,2026-08-18 01:27:35.973859 UTC
115,20240731,8,1,1,1,97143399.200000003,96441309.560000002,96792354.379999995,64029619.340000004,2529560.17,3258343.38,-728783.2,26693.56,35,28231.1,2026-08-18 01:27:35.973859 UTC
116,20240831,8,1,1,1,96441309.560000002,97889821.200000003,97165565.379999995,73176707.819999993,2375858.64,912906.61,1462952.02,-14440.38,35,28339.96,2026-08-18 01:27:35.973859 UTC
117,20240930,8,1,1,1,97889821.200000003,100717208.890000001,99303515.049999997,82323796.290000007,3709550.89,913016.85,2796534.04,30853.64,35,28963.53,2026-08-18 01:27:35.973859 UTC
118,20241031,8,1,1,1,100717208.890000001,100928389.290000007,100822799.090000004,91470884.769999996,1742016.99,1565707.96,176309.03,34871.37,35,29406.65,2026-08-18 01:27:35.973859 UTC
119,20241130,8,1,1,1,100928389.290000007,101905948.060000002,101417168.680000007,100617973.25,3387771.07,2368289.66,1019481.41,-41922.63,35,29580.01,2026-08-18 01:27:35.973859 UTC
120,20241231,8,1,1,1,101905948.060000002,103695701.239999995,102800824.650000006,109765061.719999999,3083952.88,1293030.59,1790922.28,-1169.11,35,29983.57,2026-08-18 01:27:35.973859 UTC
121,20250131,8,1,1,1,103695701.239999995,105253803.450000003,104474752.349999994,118912150.200000003,3154166.99,1573954.31,1580212.68,-22110.47,35,30471.8,2026-08-18 01:27:35.973859 UTC
122,20250228,8,1,1,1,105253803.450000003,106642564.739999995,105948184.090000004,128059238.680000007,3512556.77,2138446.03,1374110.74,14650.54,35,30901.55,2026-08-18 01:27:35.973859 UTC
123,20250331,8,1,1,1,106642564.739999995,107283043.739999995,106962804.239999995,137206327.150000006,3573105.91,2904748.48,668357.43,-27878.43,35,31197.48,2026-08-18 01:27:35.973859 UTC
124,20250430,8,1,1,1,107283043.739999995,105273727.680000007,106278385.709999993,146353415.629999995,1790626.05,3795897.18,-2005271.13,-4044.93,35,30997.86,2026-08-18 01:27:35.973859 UTC
125,20250531,8,1,1,1,105273727.680000007,108300411.129999995,106787069.400000006,155500504.110000014,4190409.7,1112596.99,3077812.71,-51129.26,35,31146.23,2026-08-18 01:27:35.973859 UTC
126,20250630,8,1,1,1,108300411.129999995,109587588.719999999,108943999.920000002,164647592.590000004,4252591.88,2999638.85,1252953.03,34224.56,35,31775.33,2026-08-18 01:27:35.973859 UTC
127,20240131,10,1,1,1,46314407.799999997,46349307.240000002,46331857.520000003,9581186.91,531249.12,665594.4,-134345.28,169244.72,80,30887.91,2026-08-18 01:27:35.973859 UTC
128,20240229,10,1,1,1,46349307.240000002,47162489.439999998,46755898.340000004,19162373.82,1818488.73,1339671.68,478817.06,334365.15,80,31170.6,2026-08-18 01:27:35.973859 UTC
129,20240331,10,1,1,1,47162489.439999998,47277844.020000003,47220166.729999997,28743560.73,1239885.34,787656.6,452228.74,-336874.16,80,31480.11,2026-08-18 01:27:35.973859 UTC
130,20240430,10,1,1,1,47277844.020000003,47356444.25,47317144.140000001,38324747.640000001,1068468.61,910496.36,157972.25,-79372.03,80,31544.76,2026-08-18 01:27:35.973859 UTC
131,20240531,10,1,1,1,47356444.25,46878528.039999999,47117486.140000001,47905934.549999997,1360093.79,1685987.32,-325893.53,-152022.68,80,31411.66,2026-08-18 01:27:35.973859 UTC
132,20240630,10,1,1,1,46878528.039999999,47861843.200000003,47370185.619999997,57487121.460000001,1086189.58,420415.77,665773.8,317541.36,80,31580.12,2026-08-18 01:27:35.973859 UTC
133,20240731,10,1,1,1,47861843.200000003,47945844.020000003,47903843.609999999,67068308.369999997,813017.05,875599.03,-62581.98,146582.79,80,31935.9,2026-08-18 01:27:35.973859 UTC
134,20240831,10,1,1,1,47945844.020000003,48986487.969999999,48466165.990000002,76649495.280000001,1791377.35,803811.87,987565.47,53078.48,80,32310.78,2026-08-18 01:27:35.973859 UTC
135,20240930,10,1,1,1,48986487.969999999,49626491.890000001,49306489.93,86230682.189999998,1194582.39,453831.34,740751.04,-100747.12,80,32870.99,2026-08-18 01:27:35.973859 UTC
136,20241031,10,1,1,1,49626491.890000001,48874526.880000003,49250509.380000003,95811869.099999994,783834.9,1222576.41,-438741.51,-313223.51,80,32833.67,2026-08-18 01:27:35.973859 UTC
137,20241130,10,1,1,1,48874526.880000003,48900675.710000001,48887601.289999999,105393056.010000005,1485912.16,1195275.68,290636.48,-264487.65,80,32591.73,2026-08-18 01:27:35.973859 UTC
138,20241231,10,1,1,1,48900675.710000001,48798191.030000001,48849433.369999997,114974242.920000002,1349013.75,1156924.5,192089.24,-294573.92,80,32566.29,2026-08-18 01:27:35.973859 UTC
139,20250131,10,1,1,1,48798191.030000001,49607445.530000001,49202818.280000001,124555429.829999998,1755713.98,719389.79,1036324.19,-227069.68,80,32801.88,2026-08-18 01:27:35.973859 UTC
140,20250228,10,1,1,1,49607445.530000001,49439937.170000002,49523691.350000001,134136616.739999995,1561005.21,1619242.39,-58237.18,-109271.18,80,33015.79,2026-08-18 01:27:35.973859 UTC
141,20250331,10,1,1,1,49439937.170000002,50384436.890000001,49912187.030000001,143717803.659999996,1634217.1,560834.97,1073382.13,-128882.41,80,33274.79,2026-08-18 01:27:35.973859 UTC
142,20250430,10,1,1,1,50384436.890000001,50905344.340000004,50644890.609999999,153298990.569999993,1380947.44,1046594.69,334352.75,186554.7,80,33763.26,2026-08-18 01:27:35.973859 UTC
143,20250531,10,1,1,1,50905344.340000004,50550238.18,50727791.259999998,162880177.479999989,528498.32,1272629.13,-744130.81,389024.66,80,33818.53,2026-08-18 01:27:35.973859 UTC
144,20250630,10,1,1,1,50550238.18,50879761.509999998,50714999.850000001,172461364.389999986,1644179.42,1586443.49,57735.94,271787.39,80,33810,2026-08-18 01:27:35.973859 UTC
145,20240131,1,2,1,5,31226441.109999999,31110397.219999999,31168419.16,1677618.76,1153115.89,848072.15,305043.74,-421087.62,165,42856.58,2026-08-18 01:27:35.973859 UTC
146,20240229,1,2,1,5,31110397.219999999,32676650.390000001,31893523.809999999,3355237.52,1137885.91,496110.94,641774.97,924478.21,165,43853.6,2026-08-18 01:27:35.973859 UTC
147,20240331,1,2,1,5,32676650.390000001,33519717.25,33098183.82,5032856.28,917296.86,658596.39,258700.47,584366.38,165,45510,2026-08-18 01:27:35.973859 UTC
148,20240430,1,2,1,5,33519717.25,34760010.579999998,34139863.909999996,6710475.03,910894.5,558735.47,352159.03,888134.3,165,46942.31,2026-08-18 01:27:35.973859 UTC
149,20240531,1,2,1,5,34760010.579999998,34871478.590000004,34815744.590000004,8388093.79,918397,656292.74,262104.27,-150636.26,165,47871.65,2026-08-18 01:27:35.973859 UTC
150,20240630,1,2,1,5,34871478.590000004,34913033.049999997,34892255.82,10065712.550000001,547605.66,690598.57,-142992.91,184547.37,165,47976.85,2026-08-18 01:27:35.973859 UTC
151,20240731,1,2,1,5,34913033.049999997,34720736.920000002,34816884.990000002,11743331.310000001,1103581.5,401839.75,701741.75,-894037.88,165,47873.22,2026-08-18 01:27:35.973859 UTC
152,20240831,1,2,1,5,34720736.920000002,35675223,35197979.960000001,13420950.07,635632.52,545600.22,90032.3,864453.78,165,48397.22,2026-08-18 01:27:35.973859 UTC
153,20240930,1,2,1,5,35675223,35791598.909999996,35733410.960000001,15098568.83,1327830.91,1009741.63,318089.28,-201713.37,165,49133.44,2026-08-18 01:27:35.973859 UTC
154,20241031,1,2,1,5,35791598.909999996,36788112.810000002,36289855.859999999,16776187.59,804990.49,562228.29,242762.2,753751.69,165,49898.55,2026-08-18 01:27:35.973859 UTC
155,20241130,1,2,1,5,36788112.810000002,37434633.399999999,37111373.100000001,18453806.350000001,491290.11,609629.63,-118339.52,764860.11,165,51028.14,2026-08-18 01:27:35.973859 UTC
156,20241231,1,2,1,5,37434633.399999999,37303325.640000001,37368979.520000003,20131425.100000001,682984.27,698308.64,-15324.37,-115983.38,165,51382.35,2026-08-18 01:27:35.973859 UTC
157,20250131,1,2,1,5,37303325.640000001,36406515.979999997,36854920.810000002,21809043.859999999,518664.24,887246.87,-368582.63,-528227.04,165,50675.52,2026-08-18 01:27:35.973859 UTC
158,20250228,1,2,1,5,36406515.979999997,35703880.740000002,36055198.359999999,23486662.620000001,648718.08,714419.66,-65701.58,-636933.65,165,49575.9,2026-08-18 01:27:35.973859 UTC
159,20250331,1,2,1,5,35703880.740000002,35598841.799999997,35651361.270000003,25164281.379999999,1170568.17,923460.07,247108.1,-352147.05,165,49020.62,2026-08-18 01:27:35.973859 UTC
160,20250430,1,2,1,5,35598841.799999997,34969737.469999999,35284289.630000003,26841900.140000001,1271802.71,1093939.76,177862.95,-806967.28,165,48515.9,2026-08-18 01:27:35.973859 UTC
161,20250531,1,2,1,5,34969737.469999999,35179644.700000003,35074691.090000004,28519518.899999999,1394651.4,968073.75,426577.65,-216670.42,165,48227.7,2026-08-18 01:27:35.973859 UTC
162,20250630,1,2,1,5,35179644.700000003,35718967.909999996,35449306.310000002,30197137.66,915555.64,1175353.94,-259798.31,799121.52,165,48742.8,2026-08-18 01:27:35.973859 UTC
163,20240131,3,2,1,5,24163314.280000001,23682299.07,23922806.68,1680999.51,615555.23,639890.44,-24335.2,-456680.01,195,38874.56,2026-08-18 01:27:35.973859 UTC
164,20240229,3,2,1,5,23682299.07,23356248.09,23519273.579999998,3361999.03,592866.7,455009.3,137857.4,-463908.38,195,38218.82,2026-08-18 01:27:35.973859 UTC
165,20240331,3,2,1,5,23356248.09,22703205.82,23029726.960000001,5042998.54,407466.96,618162.58,-210695.62,-442346.65,195,37423.31,2026-08-18 01:27:35.973859 UTC
166,20240430,3,2,1,5,22703205.82,23811124.43,23257165.129999999,6723998.06,860183.89,383200.84,476983.06,630935.56,195,37792.89,2026-08-18 01:27:35.973859 UTC
167,20240531,3,2,1,5,23811124.43,24536993.239999998,24174058.84,8404997.57,857515.79,573239.57,284276.22,441592.58,195,39282.85,2026-08-18 01:27:35.973859 UTC
168,20240630,3,2,1,5,24536993.239999998,24650218.07,24593605.66,10085997.09,287037.76,387769.74,-100731.98,213956.81,195,39964.61,2026-08-18 01:27:35.973859 UTC
169,20240731,3,2,1,5,24650218.07,24120871.809999999,24385544.940000001,11766996.6,501365.56,429353.08,72012.48,-601358.74,195,39626.51,2026-08-18 01:27:35.973859 UTC
170,20240831,3,2,1,5,24120871.809999999,24446423.960000001,24283647.879999999,13447996.109999999,902304.23,373869.3,528434.94,-202882.79,195,39460.93,2026-08-18 01:27:35.973859 UTC
171,20240930,3,2,1,5,24446423.960000001,24989333.690000001,24717878.82,15128995.630000001,843716.26,246429.48,597286.78,-54377.04,195,40166.55,2026-08-18 01:27:35.973859 UTC
172,20241031,3,2,1,5,24989333.690000001,25385678.039999999,25187505.870000001,16809995.140000001,417318.6,547052.91,-129734.31,526078.66,195,40929.7,2026-08-18 01:27:35.973859 UTC
173,20241130,3,2,1,5,25385678.039999999,24401037.43,24893357.739999998,18490994.66,328979.68,782937.29,-453957.61,-530683,195,40451.71,2026-08-18 01:27:35.973859 UTC
174,20241231,3,2,1,5,24401037.43,24234953.989999998,24317995.710000001,20171994.170000002,596689.98,196714.03,399975.95,-566059.39,195,39516.74,2026-08-18 01:27:35.973859 UTC
175,20250131,3,2,1,5,24234953.989999998,24383925.489999998,24309439.739999998,21852993.68,767369.42,654082.89,113286.53,35684.97,195,39502.84,2026-08-18 01:27:35.973859 UTC
176,20250228,3,2,1,5,24383925.489999998,24802260,24593092.75,23533993.199999999,299509.14,265876.04,33633.1,384701.4,195,39963.78,2026-08-18 01:27:35.973859 UTC
177,20250331,3,2,1,5,24802260,24786242.539999999,24794251.27,25214992.710000001,900825.81,830733.87,70091.94,-86109.4,195,40290.66,2026-08-18 01:27:35.973859 UTC
178,20250430,3,2,1,5,24786242.539999999,25186298.48,24986270.510000002,26895992.23,692018.5,359275.68,332742.82,67313.11,195,40602.69,2026-08-18 01:27:35.973859 UTC
179,20250531,3,2,1,5,25186298.48,24564683.489999998,24875490.98,28576991.739999998,301438.43,658596.33,-357157.91,-264457.08,195,40422.67,2026-08-18 01:27:35.973859 UTC
180,20250630,3,2,1,5,24564683.489999998,24632602.850000001,24598643.170000002,30257991.260000002,452303.89,347938.25,104365.64,-36446.27,195,39972.8,2026-08-18 01:27:35.973859 UTC
181,20240131,8,2,1,5,26511004.850000001,26936082.84,26723543.84,1706281.62,783802.14,365545.15,418256.99,6821,35,7794.37,2026-08-18 01:27:35.973859 UTC
182,20240229,8,2,1,5,26936082.84,26949995.559999999,26943039.199999999,3412563.24,560878.09,559805.24,1072.84,12839.88,35,7858.39,2026-08-18 01:27:35.973859 UTC
183,20240331,8,2,1,5,26949995.559999999,26598449.73,26774222.649999999,5118844.86,315175.9,678337.29,-363161.39,11615.57,35,7809.15,2026-08-18 01:27:35.973859 UTC
184,20240430,8,2,1,5,26598449.73,26972522.59,26785486.16,6825126.48,819571.61,445772.78,373798.83,274.02,35,7812.43,2026-08-18 01:27:35.973859 UTC
185,20240531,8,2,1,5,26972522.59,26896419.710000001,26934471.149999999,8531408.1,873514.32,956734.7,-83220.37,7117.5,35,7855.89,2026-08-18 01:27:35.973859 UTC
186,20240630,8,2,1,5,26896419.710000001,26937773.600000001,26917096.66,10237689.720000001,406236.63,360112.57,46124.06,-4770.16,35,7850.82,2026-08-18 01:27:35.973859 UTC
187,20240731,8,2,1,5,26937773.600000001,27262870.66,27100322.129999999,11943971.34,917823.09,597498.35,320324.74,4772.32,35,7904.26,2026-08-18 01:27:35.973859 UTC
188,20240831,8,2,1,5,27262870.66,26777065.280000001,27019967.969999999,13650252.960000001,349540.56,846550.71,-497010.14,11204.76,35,7880.82,2026-08-18 01:27:35.973859 UTC
189,20240930,8,2,1,5,26777065.280000001,26671056.98,26724061.129999999,15356534.58,388700.74,493389.8,-104689.06,-1319.24,35,7794.52,2026-08-18 01:27:35.973859 UTC
190,20241031,8,2,1,5,26671056.98,26869960.329999998,26770508.649999999,17062816.199999999,485170.18,282332.82,202837.36,-3934.01,35,7808.07,2026-08-18 01:27:35.973859 UTC
191,20241130,8,2,1,5,26869960.329999998,26633733.329999998,26751846.829999998,18769097.82,652242.58,882593.05,-230350.47,-5876.52,35,7802.62,2026-08-18 01:27:35.973859 UTC
192,20241231,8,2,1,5,26633733.329999998,26785101.780000001,26709417.559999999,20475379.440000001,417528.99,262787.98,154741.01,-3372.57,35,7790.25,2026-08-18 01:27:35.973859 UTC
193,20250131,8,2,1,5,26785101.780000001,26923540.129999999,26854320.949999999,22181661.059999999,374647.02,245780.62,128866.41,9571.94,35,7832.51,2026-08-18 01:27:35.973859 UTC
194,20250228,8,2,1,5,26923540.129999999,26753399.890000001,26838470.010000002,23887942.68,401339.22,583121.12,-181781.89,11641.66,35,7827.89,2026-08-18 01:27:35.973859 UTC
195,20250331,8,2,1,5,26753399.890000001,26844368.23,26798884.059999999,25594224.300000001,968379.45,885208.22,83171.23,7797.11,35,7816.34,2026-08-18 01:27:35.973859 UTC
196,20250430,8,2,1,5,26844368.23,27239354.100000001,27041861.16,27300505.920000002,637212.61,240789.94,396422.67,-1436.8,35,7887.21,2026-08-18 01:27:35.973859 UTC
197,20250531,8,2,1,5,27239354.100000001,27812631.109999999,27525992.600000001,29006787.539999999,835285.96,268365.07,566920.89,6356.12,35,8028.41,2026-08-18 01:27:35.973859 UTC
198,20250630,8,2,1,5,27812631.109999999,27564536.960000001,27688584.030000001,30713069.16,573103.73,811031.73,-237927.99,-10166.16,35,8075.84,2026-08-18 01:27:35.973859 UTC
199,20240131,10,2,1,5,34326632.450000003,34046075.369999997,34186353.909999996,3011982.31,751856.38,928641.77,-176785.4,-103771.68,80,22790.9,2026-08-18 01:27:35.973859 UTC
200,20240229,10,2,1,5,34046075.369999997,34189098.119999997,34117586.740000002,6023964.63,636900.31,486800.26,150100.05,-7077.3,80,22745.06,2026-08-18 01:27:35.973859 UTC
201,20240331,10,2,1,5,34189098.119999997,34323784.340000004,34256441.229999997,9035946.939999999,758970.88,528579.36,230391.53,-95705.31,80,22837.63,2026-08-18 01:27:35.973859 UTC
202,20240430,10,2,1,5,34323784.340000004,34417243.770000003,34370514.049999997,12047929.26,1109291.69,958061.24,151230.45,-57771.02,80,22913.68,2026-08-18 01:27:35.973859 UTC
203,20240531,10,2,1,5,34417243.770000003,34127251.869999997,34272247.82,15059911.57,508404.44,838721.46,-330317.01,40325.12,80,22848.17,2026-08-18 01:27:35.973859 UTC
204,20240630,10,2,1,5,34127251.869999997,34780804.479999997,34454028.170000002,18071893.890000001,847468.93,396844.75,450624.18,202928.43,80,22969.35,2026-08-18 01:27:35.973859 UTC
205,20240731,10,2,1,5,34780804.479999997,35293255.43,35037029.960000001,21083876.199999999,1374224.75,1039456.25,334768.5,177682.45,80,23358.02,2026-08-18 01:27:35.973859 UTC
206,20240831,10,2,1,5,35293255.43,36034256.399999999,35663755.920000002,24095858.52,1291989.2,560563.88,731425.32,9575.65,80,23775.84,2026-08-18 01:27:35.973859 UTC
207,20240930,10,2,1,5,36034256.399999999,36443425.450000003,36238840.93,27107840.829999998,1117583.33,680381.25,437202.08,-28033.03,80,24159.23,2026-08-18 01:27:35.973859 UTC
208,20241031,10,2,1,5,36443425.450000003,36924009.57,36683717.509999998,30119823.149999999,1001462.7,300464.89,700997.81,-220413.69,80,24455.81,2026-08-18 01:27:35.973859 UTC
209,20241130,10,2,1,5,36924009.57,36677334.359999999,36800671.969999999,33131805.460000001,638817.02,1056405.33,-417588.31,170913.1,80,24533.78,2026-08-18 01:27:35.973859 UTC
210,20241231,10,2,1,5,36677334.359999999,36067798.100000001,36372566.229999997,36143787.780000001,734733.05,1181147.79,-446414.73,-163121.52,80,24248.38,2026-08-18 01:27:35.973859 UTC
211,20250131,10,2,1,5,36067798.100000001,35505603.579999998,35786700.840000004,39155770.090000004,531157.52,1105304.98,-574147.46,11952.93,80,23857.8,2026-08-18 01:27:35.973859 UTC
212,20250228,10,2,1,5,35505603.579999998,35805218.75,35655411.159999996,42167752.409999996,1106053.13,748066.83,357986.31,-58371.14,80,23770.27,2026-08-18 01:27:35.973859 UTC
213,20250331,10,2,1,5,35805218.75,35735534.340000004,35770376.549999997,45179734.719999999,494410.79,785814.98,-291404.19,221719.79,80,23846.92,2026-08-18 01:27:35.973859 UTC
214,20250430,10,2,1,5,35735534.340000004,35825517.060000002,35780525.700000003,48191717.039999999,703106.88,759713.05,-56606.17,146588.89,80,23853.68,2026-08-18 01:27:35.973859 UTC
215,20250531,10,2,1,5,35825517.060000002,36588114.990000002,36206816.020000003,51203699.350000001,1403428.71,692379.04,711049.68,51548.25,80,24137.88,2026-08-18 01:27:35.973859 UTC
216,20250630,10,2,1,5,36588114.990000002,36585713.280000001,36586914.130000003,54215681.670000002,551532.62,815860.13,-264327.51,261925.81,80,24391.28,2026-08-18 01:27:35.973859 UTC
217,20240131,1,3,2,2,55345539.280000001,57843221.460000001,56594380.369999997,6072538.73,2132560.7,492029.59,1640531.11,857151.06,165,77817.27,2026-08-18 01:27:35.973859 UTC
218,20240229,1,3,2,2,57843221.460000001,60340609.479999997,59091915.469999999,12145077.470000001,1615648.4,959675.79,655972.61,1841415.41,165,81251.38,2026-08-18 01:27:35.973859 UTC
219,20240331,1,3,2,2,60340609.479999997,59603392.409999996,59972000.939999998,18217616.199999999,1207595.07,1956441.33,-748846.26,11629.2,165,82461.5,2026-08-18 01:27:35.973859 UTC
220,20240430,1,3,2,2,59603392.409999996,57873463.280000001,58738427.840000004,24290154.93,1047000.7,1565258.54,-518257.84,-1211671.29,165,80765.34,2026-08-18 01:27:35.973859 UTC
221,20240531,1,3,2,2,57873463.280000001,57975800.020000003,57924631.649999999,30362693.670000002,2205368,1249971.59,955396.41,-853059.67,165,79646.37,2026-08-18 01:27:35.973859 UTC
222,20240630,1,3,2,2,57975800.020000003,59874471.159999996,58925135.590000004,36435232.399999999,2142740.35,979291.2,1163449.15,735221.99,165,81022.06,2026-08-18 01:27:35.973859 UTC
223,20240731,1,3,2,2,59874471.159999996,59767266.780000001,59820868.969999999,42507771.140000001,986819.01,1998210.09,-1011391.08,904186.71,165,82253.69,2026-08-18 01:27:35.973859 UTC
224,20240831,1,3,2,2,59767266.780000001,60721471.030000001,60244368.909999996,48580309.869999997,2017297.25,1233392,783905.25,170299,165,82836.01,2026-08-18 01:27:35.973859 UTC
225,20240930,1,3,2,2,60721471.030000001,60440226.369999997,60580848.700000003,54652848.600000001,1068518.94,733547.56,334971.38,-616216.05,165,83298.67,2026-08-18 01:27:35.973859 UTC
226,20241031,1,3,2,2,60440226.369999997,62341592.780000001,61390909.57,60725387.340000004,855644.56,706834.16,148810.4,1752556.02,165,84412.5,2026-08-18 01:27:35.973859 UTC
227,20241130,1,3,2,2,62341592.780000001,61148412.960000001,61745002.869999997,66797926.07,1871999.09,1611735.22,260263.86,-1453443.69,165,84899.38,2026-08-18 01:27:35.973859 UTC
228,20241231,1,3,2,2,61148412.960000001,63766484.890000001,62457448.920000002,72870464.799999997,1813949.52,1063257.56,750691.96,1867379.98,165,85878.99,2026-08-18 01:27:35.973859 UTC
229,20250131,1,3,2,2,63766484.890000001,67082212.219999999,65424348.549999997,78943003.540000007,2455934.87,840011.74,1615923.12,1699804.2,165,89958.48,2026-08-18 01:27:35.973859 UTC
230,20250228,1,3,2,2,67082212.219999999,66206717.609999999,66644464.909999996,85015542.269999996,1172044.24,1403377.85,-231333.61,-644161,165,91636.14,2026-08-18 01:27:35.973859 UTC
231,20250331,1,3,2,2,66206717.609999999,66667432.880000003,66437075.240000002,91088081,896914.28,885219.95,11694.33,449020.94,165,91350.98,2026-08-18 01:27:35.973859 UTC
232,20250430,1,3,2,2,66667432.880000003,68314134.400000006,67490783.640000001,97160619.739999995,2501957.82,706508.87,1795448.95,-148747.43,165,92799.83,2026-08-18 01:27:35.973859 UTC
233,20250531,1,3,2,2,68314134.400000006,70259626.359999999,69286880.379999995,103233158.469999999,2556745.87,1833221.32,723524.54,1221967.41,165,95269.46,2026-08-18 01:27:35.973859 UTC
234,20250630,1,3,2,2,70259626.359999999,69666559.819999993,69963093.090000004,109305697.200000003,2302850.41,1433260.74,869589.67,-1462656.21,165,96199.25,2026-08-18 01:27:35.973859 UTC
235,20240131,4,3,2,2,41588354.549999997,42063710.030000001,41826032.289999999,7837738.87,1318218.25,841621.93,476596.31,-1240.83,95,33112.28,2026-08-18 01:27:35.973859 UTC
236,20240229,4,3,2,2,42063710.030000001,41767929.259999998,41915819.649999999,15675477.75,605248.68,861966.33,-256717.65,-39063.12,95,33183.36,2026-08-18 01:27:35.973859 UTC
237,20240331,4,3,2,2,41767929.259999998,41367319.439999998,41567624.350000001,23513216.620000001,462680.32,1113556.42,-650876.1,250266.27,95,32907.7,2026-08-18 01:27:35.973859 UTC
238,20240430,4,3,2,2,41367319.439999998,41576218.390000001,41471768.909999996,31350955.5,1432040.46,1462739.25,-30698.79,239597.75,95,32831.82,2026-08-18 01:27:35.973859 UTC
239,20240531,4,3,2,2,41576218.390000001,41884235.530000001,41730226.960000001,39188694.369999997,1584783.3,1238170.89,346612.41,-38595.28,95,33036.43,2026-08-18 01:27:35.973859 UTC
240,20240630,4,3,2,2,41884235.530000001,42540743.780000001,42212489.649999999,47026433.240000002,1104701.12,726541.47,378159.65,278348.6,95,33418.22,2026-08-18 01:27:35.973859 UTC
241,20240731,4,3,2,2,42540743.780000001,42908699.909999996,42724721.850000001,54864172.119999997,1521966.8,966174.66,555792.14,-187836.01,95,33823.74,2026-08-18 01:27:35.973859 UTC
242,20240831,4,3,2,2,42908699.909999996,42955907.509999998,42932303.710000001,62701910.990000002,579952.37,811700.17,-231747.81,278955.4,95,33988.07,2026-08-18 01:27:35.973859 UTC
243,20240930,4,3,2,2,42955907.509999998,42638501.579999998,42797204.539999999,70539649.870000005,1357455.9,1468511.18,-111055.29,-206350.64,95,33881.12,2026-08-18 01:27:35.973859 UTC
244,20241031,4,3,2,2,42638501.579999998,42804699.740000002,42721600.659999996,78377388.739999995,1314281.49,1405225.84,-90944.35,257142.5,95,33821.27,2026-08-18 01:27:35.973859 UTC
245,20241130,4,3,2,2,42804699.740000002,41889944.82,42347322.280000001,86215127.609999999,487534.04,1419311.26,-931777.22,17022.3,95,33524.96,2026-08-18 01:27:35.973859 UTC
246,20241231,4,3,2,2,41889944.82,42545754.469999999,42217849.640000001,94052866.489999995,1451293.19,532637.05,918656.14,-262846.49,95,33422.46,2026-08-18 01:27:35.973859 UTC
247,20250131,4,3,2,2,42545754.469999999,41620935.630000003,42083345.049999997,101890605.359999999,495804.48,1381704.46,-885899.98,-38918.86,95,33315.98,2026-08-18 01:27:35.973859 UTC
248,20250228,4,3,2,2,41620935.630000003,41199538.270000003,41410236.950000003,109728344.230000004,546429.67,875879.51,-329449.83,-91947.53,95,32783.1,2026-08-18 01:27:35.973859 UTC
249,20250331,4,3,2,2,41199538.270000003,41035546.259999998,41117542.270000003,117566083.109999999,1012178.83,1107482.53,-95303.7,-68688.3,95,32551.39,2026-08-18 01:27:35.973859 UTC
250,20250430,4,3,2,2,41035546.259999998,42108328.520000003,41571937.390000001,125403821.980000004,1521655.65,738738.93,782916.72,289865.54,95,32911.12,2026-08-18 01:27:35.973859 UTC
251,20250531,4,3,2,2,42108328.520000003,43240487.119999997,42674407.82,133241560.859999999,1507252.29,630976.45,876275.84,255882.76,95,33783.91,2026-08-18 01:27:35.973859 UTC
252,20250630,4,3,2,2,43240487.119999997,43267444.5,43253965.810000002,141079299.729999989,1585812.62,1300194.51,285618.11,-258660.73,95,34242.72,2026-08-18 01:27:35.973859 UTC
253,20240131,6,3,2,2,66813196.740000002,67433896.359999999,67123546.549999997,5733949.39,2330080.35,998970.16,1331110.19,-710410.58,130,72717.18,2026-08-18 01:27:35.973859 UTC
254,20240229,6,3,2,2,67433896.359999999,68825627.609999999,68129761.980000004,11467898.789999999,2216779.25,1712084.61,504694.64,887036.61,130,73807.24,2026-08-18 01:27:35.973859 UTC
255,20240331,6,3,2,2,68825627.609999999,68799425.010000005,68812526.310000002,17201848.18,987158.14,1031915.27,-44757.12,18554.53,130,74546.9,2026-08-18 01:27:35.973859 UTC
256,20240430,6,3,2,2,68799425.010000005,70982260.719999999,69890842.870000005,22935797.579999998,2682349.6,1347464.54,1334885.06,847950.64,130,75715.08,2026-08-18 01:27:35.973859 UTC
257,20240531,6,3,2,2,70982260.719999999,71892331.230000004,71437295.969999999,28669746.969999999,2734943.04,1476351.97,1258591.08,-348520.56,130,77390.4,2026-08-18 01:27:35.973859 UTC
258,20240630,6,3,2,2,71892331.230000004,72108695.599999994,72000513.420000002,34403696.359999999,1766747.19,1119410.51,647336.68,-430972.31,130,78000.56,2026-08-18 01:27:35.973859 UTC
259,20240731,6,3,2,2,72108695.599999994,72559759.969999999,72334227.790000007,40137645.759999998,1075812.37,1813348.31,-737535.94,1188600.31,130,78362.08,2026-08-18 01:27:35.973859 UTC
260,20240831,6,3,2,2,72559759.969999999,73264620.530000001,72912190.25,45871595.149999999,2794034.06,1782976.47,1011057.59,-306197.03,130,78988.21,2026-08-18 01:27:35.973859 UTC
261,20240930,6,3,2,2,73264620.530000001,74197578.640000001,73731099.590000004,51605544.549999997,1373611.16,665766.42,707844.74,225113.36,130,79875.36,2026-08-18 01:27:35.973859 UTC
262,20241031,6,3,2,2,74197578.640000001,73830393.829999998,74013986.230000004,57339493.939999998,2093669.58,2532986.12,-439316.53,72131.72,130,80181.82,2026-08-18 01:27:35.973859 UTC
263,20241130,6,3,2,2,73830393.829999998,73920405.189999998,73875399.510000005,63073443.329999998,2365671.37,1506078.01,859593.36,-769582,130,80031.68,2026-08-18 01:27:35.973859 UTC
264,20241231,6,3,2,2,73920405.189999998,73698883.25,73809644.219999999,68807392.730000004,2006689.92,1327337.44,679352.48,-900874.42,130,79960.45,2026-08-18 01:27:35.973859 UTC
265,20250131,6,3,2,2,73698883.25,74445791.659999996,74072337.450000003,74541342.120000005,1472416.32,1127623,344793.32,402115.09,130,80245.03,2026-08-18 01:27:35.973859 UTC
266,20250228,6,3,2,2,74445791.659999996,74800788.920000002,74623290.290000007,80275291.519999996,1554057.83,1573452.87,-19395.04,374392.3,130,80841.9,2026-08-18 01:27:35.973859 UTC
267,20250331,6,3,2,2,74800788.920000002,73046215.709999993,73923502.319999993,86009240.909999996,864698.07,1696322.54,-831624.48,-922948.74,130,80083.79,2026-08-18 01:27:35.973859 UTC
268,20250430,6,3,2,2,73046215.709999993,73327019.930000007,73186617.819999993,91743190.299999997,1966285.96,1962986.98,3298.98,277505.24,130,79285.5,2026-08-18 01:27:35.973859 UTC
269,20250531,6,3,2,2,73327019.930000007,73302828.859999999,73314924.390000001,97477139.700000003,1695137.68,1980129.36,-284991.68,260800.61,130,79424.5,2026-08-18 01:27:35.973859 UTC
270,20250630,6,3,2,2,73302828.859999999,73838556.640000001,73570692.75,103211089.090000004,1531399.44,1685861.89,-154462.45,690190.23,130,79701.58,2026-08-18 01:27:35.973859 UTC
271,20240131,7,3,2,2,61640062.170000002,61275329.950000003,61457696.060000002,7889095.18,1127158.67,1177590.55,-50431.88,-314300.34,105,53775.48,2026-08-18 01:27:35.973859 UTC
272,20240229,7,3,2,2,61275329.950000003,60932124.869999997,61103727.409999996,15778190.369999999,1641349.43,1676339.57,-34990.14,-308214.94,105,53465.76,2026-08-18 01:27:35.973859 UTC
273,20240331,7,3,2,2,60932124.869999997,60965143.100000001,60948633.979999997,23667285.550000001,1906407.37,1456157.78,450249.59,-417231.36,105,53330.05,2026-08-18 01:27:35.973859 UTC
274,20240430,7,3,2,2,60965143.100000001,61772272.729999997,61368707.909999996,31556380.73,1664832.3,799534.95,865297.35,-58167.72,105,53697.62,2026-08-18 01:27:35.973859 UTC
275,20240531,7,3,2,2,61772272.729999997,63127966.609999999,62450119.670000002,39445475.920000002,2280489.6,641048.29,1639441.31,-283747.43,105,54643.85,2026-08-18 01:27:35.973859 UTC
276,20240630,7,3,2,2,63127966.609999999,63787669.039999999,63457817.82,47334571.100000001,1125376.83,1244626.43,-119249.6,778952.03,105,55525.59,2026-08-18 01:27:35.973859 UTC
277,20240731,7,3,2,2,63787669.039999999,63120074.859999999,63453871.950000003,55223666.289999999,1357521.63,1579900.15,-222378.52,-445215.66,105,55522.14,2026-08-18 01:27:35.973859 UTC
278,20240831,7,3,2,2,63120074.859999999,63213022.840000004,63166548.850000001,63112761.469999999,1722448.36,1128898.39,593549.96,-500601.98,105,55270.73,2026-08-18 01:27:35.973859 UTC
279,20240930,7,3,2,2,63213022.840000004,62320244.259999998,62766633.549999997,71001856.650000006,1221143.13,1972176.74,-751033.61,-141744.97,105,54920.8,2026-08-18 01:27:35.973859 UTC
280,20241031,7,3,2,2,62320244.259999998,61268096.32,61794170.289999999,78890951.840000004,932918.79,1471113.42,-538194.62,-513953.31,105,54069.9,2026-08-18 01:27:35.973859 UTC
281,20241130,7,3,2,2,61268096.32,61269665,61268880.659999996,86780047.019999996,1542033.28,1225645.4,316387.88,-314819.2,105,53610.27,2026-08-18 01:27:35.973859 UTC
282,20241231,7,3,2,2,61269665,61541435.520000003,61405550.259999998,94669142.200000003,1923889.7,1820457.57,103432.13,168338.39,105,53729.86,2026-08-18 01:27:35.973859 UTC
283,20250131,7,3,2,2,61541435.520000003,63038842.259999998,62290138.890000001,102558237.390000001,2220020.33,1668477.79,551542.54,945864.2,105,54503.87,2026-08-18 01:27:35.973859 UTC
284,20250228,7,3,2,2,63038842.259999998,63899427.789999999,63469135.030000001,110447332.569999993,2055940.12,1908013.04,147927.08,712658.45,105,55535.49,2026-08-18 01:27:35.973859 UTC
285,20250331,7,3,2,2,63899427.789999999,65044345.100000001,64471886.450000003,118336427.75,1465130.1,972676.12,492453.98,652463.33,105,56412.9,2026-08-18 01:27:35.973859 UTC
286,20250430,7,3,2,2,65044345.100000001,66451876.979999997,65748111.039999999,126225522.939999998,1448030.69,960127.25,487903.44,919628.44,105,57529.6,2026-08-18 01:27:35.973859 UTC
287,20250531,7,3,2,2,66451876.979999997,67939294.400000006,67195585.689999998,134114618.120000005,2376461.66,1110176,1266285.66,221131.76,105,58796.14,2026-08-18 01:27:35.973859 UTC
288,20250630,7,3,2,2,67939294.400000006,69006455.75,68472875.069999993,142003713.300000012,1905046.67,774134.65,1130912.02,-63750.67,105,59913.77,2026-08-18 01:27:35.973859 UTC
289,20240131,10,3,2,2,90288353.989999995,90357720.109999999,90323037.049999997,8565426.470000001,1817190.59,2009756.02,-192565.43,261931.55,80,60215.36,2026-08-18 01:27:35.973859 UTC
290,20240229,10,3,2,2,90357720.109999999,90217731.269999996,90287725.689999998,17130852.940000001,1025419.72,1051734.64,-26314.92,-113673.92,80,60191.82,2026-08-18 01:27:35.973859 UTC
291,20240331,10,3,2,2,90217731.269999996,90733053.849999994,90475392.560000002,25696279.41,3218162.43,2490199.91,727962.52,-212639.94,80,60316.93,2026-08-18 01:27:35.973859 UTC
292,20240430,10,3,2,2,90733053.849999994,91718525.849999994,91225789.849999994,34261705.880000003,3302906.58,2886326.82,416579.76,568892.25,80,60817.19,2026-08-18 01:27:35.973859 UTC
293,20240531,10,3,2,2,91718525.849999994,93290589.840000004,92504557.849999994,42827132.350000001,3045637.3,912313.8,2133323.5,-561259.51,80,61669.71,2026-08-18 01:27:35.973859 UTC
294,20240630,10,3,2,2,93290589.840000004,92981832.159999996,93136211,51392558.82,1924830.39,2576249.43,-651419.04,342661.36,80,62090.81,2026-08-18 01:27:35.973859 UTC
295,20240731,10,3,2,2,92981832.159999996,92159354.140000001,92570593.150000006,59957985.289999999,1347110.12,2361739.29,-1014629.17,192151.15,80,61713.73,2026-08-18 01:27:35.973859 UTC
296,20240831,10,3,2,2,92159354.140000001,91159073.040000007,91659213.590000004,68523411.760000005,1524631.96,2884741.12,-1360109.15,359828.06,80,61106.14,2026-08-18 01:27:35.973859 UTC
297,20240930,10,3,2,2,91159073.040000007,90239595.370000005,90699334.209999993,77088838.230000004,1594294.95,2247866.77,-653571.82,-265905.85,80,60466.22,2026-08-18 01:27:35.973859 UTC
298,20241031,10,3,2,2,90239595.370000005,91767634.569999993,91003614.969999999,85654264.700000003,2877530.18,1768488.28,1109041.9,418997.3,80,60669.08,2026-08-18 01:27:35.973859 UTC
299,20241130,10,3,2,2,91767634.569999993,93444532.150000006,92606083.359999999,94219691.170000002,2530618.18,1472949.03,1057669.15,619228.43,80,61737.39,2026-08-18 01:27:35.973859 UTC
300,20241231,10,3,2,2,93444532.150000006,93641766.959999993,93543149.549999997,102785117.640000001,2237223.05,1801868.43,435354.63,-238119.81,80,62362.1,2026-08-18 01:27:35.973859 UTC
301,20250131,10,3,2,2,93641766.959999993,95144612.310000002,94393189.640000001,111350544.109999999,3053472.9,2151089.22,902383.68,600461.67,80,62928.79,2026-08-18 01:27:35.973859 UTC
302,20250228,10,3,2,2,95144612.310000002,96265061.420000002,95704836.859999999,119915970.579999998,2152041.61,1140960.18,1011081.43,109367.68,80,63803.22,2026-08-18 01:27:35.973859 UTC
303,20250331,10,3,2,2,96265061.420000002,95644191.890000001,95954626.650000006,128481397.049999997,2687297.32,2996292.8,-308995.48,-311874.05,80,63969.75,2026-08-18 01:27:35.973859 UTC
304,20250430,10,3,2,2,95644191.890000001,94608785.439999998,95126488.659999996,137046823.520000011,1714588.77,3152349.47,-1437760.69,402354.25,80,63417.66,2026-08-18 01:27:35.973859 UTC
305,20250531,10,3,2,2,94608785.439999998,95778314.420000002,95193549.930000007,145612249.99000001,2380890.59,1430479.87,950410.72,219118.26,80,63462.37,2026-08-18 01:27:35.973859 UTC
306,20250630,10,3,2,2,95778314.420000002,96723517.5,96250915.959999993,154177676.449999988,3439642.23,2806098.83,633543.4,311659.68,80,64167.28,2026-08-18 01:27:35.973859 UTC
307,20240131,1,4,2,6,15745281.109999999,15116939.42,15431110.26,1811730.92,196505.96,554629.49,-358123.53,-270218.16,165,21217.78,2026-08-18 01:27:35.973859 UTC
308,20240229,1,4,2,6,15116939.42,14826686.859999999,14971813.140000001,3623461.83,310992.23,433896.6,-122904.38,-167348.18,165,20586.24,2026-08-18 01:27:35.973859 UTC
309,20240331,1,4,2,6,14826686.859999999,14732212.050000001,14779449.460000001,5435192.75,444213.26,316848.91,127364.35,-221839.16,165,20321.74,2026-08-18 01:27:35.973859 UTC
310,20240430,1,4,2,6,14732212.050000001,14722080.550000001,14727146.300000001,7246923.67,367747.83,137497.23,230250.6,-240382.11,165,20249.83,2026-08-18 01:27:35.973859 UTC
311,20240531,1,4,2,6,14722080.550000001,15451764.6,15086922.57,9058654.58,513052.59,137157.04,375895.55,353788.5,165,20744.52,2026-08-18 01:27:35.973859 UTC
312,20240630,1,4,2,6,15451764.6,15516756.52,15484260.560000001,10870385.5,459552.09,165242.43,294309.67,-229317.75,165,21290.86,2026-08-18 01:27:35.973859 UTC
313,20240731,1,4,2,6,15516756.52,15391791.83,15454274.17,12682116.42,281426.63,390654.21,-109227.58,-15737.11,165,21249.63,2026-08-18 01:27:35.973859 UTC
314,20240831,1,4,2,6,15391791.83,15624673.369999999,15508232.6,14493847.33,325282.06,150820.19,174461.87,58419.67,165,21323.82,2026-08-18 01:27:35.973859 UTC
315,20240930,1,4,2,6,15624673.369999999,15603055.67,15613864.52,16305578.25,588136.91,359053.12,229083.79,-250701.49,165,21469.06,2026-08-18 01:27:35.973859 UTC
316,20241031,1,4,2,6,15603055.67,15889081.189999999,15746068.43,18117309.170000002,232521.44,164934.92,67586.52,218439,165,21650.84,2026-08-18 01:27:35.973859 UTC
317,20241130,1,4,2,6,15889081.189999999,16053905.789999999,15971493.49,19929040.079999998,188289.29,330936.39,-142647.1,307471.71,165,21960.8,2026-08-18 01:27:35.973859 UTC
318,20241231,1,4,2,6,16053905.789999999,16345211.869999999,16199558.83,21740771,290408.32,172193.79,118214.53,173091.54,165,22274.39,2026-08-18 01:27:35.973859 UTC
319,20250131,1,4,2,6,16345211.869999999,16594780.16,16469996.01,23552501.920000002,372964.81,549941.06,-176976.25,426544.55,165,22646.24,2026-08-18 01:27:35.973859 UTC
320,20250228,1,4,2,6,16594780.16,16101583.890000001,16348182.029999999,25364232.829999998,327808.05,577207.87,-249399.81,-243796.45,165,22478.75,2026-08-18 01:27:35.973859 UTC
321,20250331,1,4,2,6,16101583.890000001,16474958.16,16288271.029999999,27175963.75,612617.52,479467.52,133150.01,240224.26,165,22396.37,2026-08-18 01:27:35.973859 UTC
322,20250430,1,4,2,6,16474958.16,16667001.66,16570979.91,28987694.670000002,481522.48,354263.91,127258.57,64784.93,165,22785.1,2026-08-18 01:27:35.973859 UTC
323,20250531,1,4,2,6,16667001.66,17097763.620000001,16882382.640000001,30799425.579999998,197220.34,292565.48,-95345.14,526107.09,165,23213.28,2026-08-18 01:27:35.973859 UTC
324,20250630,1,4,2,6,17097763.620000001,17357893.27,17227828.440000001,32611156.5,380287.7,451773.2,-71485.5,331615.15,165,23688.26,2026-08-18 01:27:35.973859 UTC
325,20240131,3,4,2,6,21703903.239999998,21490288.829999998,21597096.030000001,3613674.14,231779.3,530613.54,-298834.24,85219.84,195,35095.28,2026-08-18 01:27:35.973859 UTC
326,20240229,3,4,2,6,21490288.829999998,21013042.77,21251665.800000001,7227348.29,574219.41,743832.72,-169613.31,-307632.75,195,34533.96,2026-08-18 01:27:35.973859 UTC
327,20240331,3,4,2,6,21013042.77,21471180.739999998,21242111.75,10841022.43,643358.35,377165.42,266192.94,191945.03,195,34518.43,2026-08-18 01:27:35.973859 UTC
328,20240430,3,4,2,6,21471180.739999998,20993723.859999999,21232452.300000001,14454696.57,303753.35,345799.92,-42046.57,-435410.31,195,34502.73,2026-08-18 01:27:35.973859 UTC
329,20240531,3,4,2,6,20993723.859999999,20390332.670000002,20692028.27,18068370.719999999,434214.66,510486.97,-76272.31,-527118.88,195,33624.55,2026-08-18 01:27:35.973859 UTC
330,20240630,3,4,2,6,20390332.670000002,20223337.800000001,20306835.239999998,21682044.859999999,454730.96,298576.86,156154.1,-323148.97,195,32998.61,2026-08-18 01:27:35.973859 UTC
331,20240731,3,4,2,6,20223337.800000001,20662725.289999999,20443031.539999999,25295719.010000002,297286.96,381984.05,-84697.08,524084.57,195,33219.93,2026-08-18 01:27:35.973859 UTC
332,20240831,3,4,2,6,20662725.289999999,20429168.899999999,20545947.09,28909393.149999999,306353.49,551635.84,-245282.35,11725.96,195,33387.16,2026-08-18 01:27:35.973859 UTC
333,20240930,3,4,2,6,20429168.899999999,20215440.510000002,20322304.699999999,32523067.289999999,424417.75,710238.21,-285820.45,72092.06,195,33023.75,2026-08-18 01:27:35.973859 UTC
334,20241031,3,4,2,6,20215440.510000002,19904172.23,20059806.370000001,36136741.439999998,474107.8,558413.49,-84305.69,-226962.58,195,32597.19,2026-08-18 01:27:35.973859 UTC
335,20241130,3,4,2,6,19904172.23,19754559.989999998,19829366.109999999,39750415.579999998,267248.68,419563.14,-152314.46,2702.22,195,32222.72,2026-08-18 01:27:35.973859 UTC
336,20241231,3,4,2,6,19754559.989999998,19705328.02,19729944.010000002,43364089.719999999,405966.87,569062.42,-163095.54,113863.58,195,32061.16,2026-08-18 01:27:35.973859 UTC
337,20250131,3,4,2,6,19705328.02,19868556.739999998,19786942.379999999,46977763.869999997,297197.13,240886.78,56310.35,106918.37,195,32153.78,2026-08-18 01:27:35.973859 UTC
338,20250228,3,4,2,6,19868556.739999998,20238177.870000001,20053367.309999999,50591438.009999998,234604.93,329260.99,-94656.06,464277.19,195,32586.72,2026-08-18 01:27:35.973859 UTC
339,20250331,3,4,2,6,20238177.870000001,20855677.789999999,20546927.829999998,54205112.149999999,318312.89,251593.84,66719.05,550780.87,195,33388.76,2026-08-18 01:27:35.973859 UTC
340,20250430,3,4,2,6,20855677.789999999,20873347.469999999,20864512.629999999,57818786.299999997,425740.86,313088.65,112652.22,-94982.54,195,33904.83,2026-08-18 01:27:35.973859 UTC
341,20250531,3,4,2,6,20873347.469999999,20630891.280000001,20752119.370000001,61432460.439999998,518618.76,491896.42,26722.33,-269178.52,195,33722.19,2026-08-18 01:27:35.973859 UTC
342,20250630,3,4,2,6,20630891.280000001,20974418.100000001,20802654.690000001,65046134.579999998,270180.96,567100.85,-296919.89,640446.72,195,33804.31,2026-08-18 01:27:35.973859 UTC
343,20240131,4,4,2,6,17238277.27,17225686.02,17231981.649999999,2376673.68,360640.78,365423.73,-4782.95,-7808.31,95,13641.99,2026-08-18 01:27:35.973859 UTC
344,20240229,4,4,2,6,17225686.02,17411800.440000001,17318743.23,4753347.37,380982.13,231910.19,149071.93,37042.49,95,13710.67,2026-08-18 01:27:35.973859 UTC
345,20240331,4,4,2,6,17411800.440000001,17208864.539999999,17310332.489999998,7130021.05,176401.5,420090.82,-243689.32,40753.42,95,13704.01,2026-08-18 01:27:35.973859 UTC
346,20240430,4,4,2,6,17208864.539999999,17565380.02,17387122.280000001,9506694.73,454027.15,210784.94,243242.2,113273.27,95,13764.81,2026-08-18 01:27:35.973859 UTC
347,20240531,4,4,2,6,17565380.02,17477457.870000001,17521418.940000001,11883368.42,443790.08,428415.59,15374.49,-103296.64,95,13871.12,2026-08-18 01:27:35.973859 UTC
348,20240630,4,4,2,6,17477457.870000001,17459866.960000001,17468662.41,14260042.1,411566.25,472796.3,-61230.05,43639.14,95,13829.36,2026-08-18 01:27:35.973859 UTC
349,20240731,4,4,2,6,17459866.960000001,17715285.890000001,17587576.420000002,16636715.779999999,491739.45,277272.46,214466.99,40951.94,95,13923.5,2026-08-18 01:27:35.973859 UTC
350,20240831,4,4,2,6,17715285.890000001,17408517.870000001,17561901.879999999,19013389.469999999,322357.14,612234.54,-289877.4,-16890.62,95,13903.17,2026-08-18 01:27:35.973859 UTC
351,20240930,4,4,2,6,17408517.870000001,17351486.09,17380001.98,21390063.149999999,570147.08,547697.23,22449.84,-79481.62,95,13759.17,2026-08-18 01:27:35.973859 UTC
352,20241031,4,4,2,6,17351486.09,17385793.379999999,17368639.739999998,23766736.829999998,249718.04,341161.82,-91443.77,125751.07,95,13750.17,2026-08-18 01:27:35.973859 UTC
353,20241130,4,4,2,6,17385793.379999999,17364766.510000002,17375279.949999999,26143410.52,477552.3,516332.84,-38780.55,17753.67,95,13755.43,2026-08-18 01:27:35.973859 UTC
354,20241231,4,4,2,6,17364766.510000002,17397470.489999998,17381118.5,28520084.199999999,554988.97,623932.36,-68943.39,101647.38,95,13760.05,2026-08-18 01:27:35.973859 UTC
355,20250131,4,4,2,6,17397470.489999998,18000681.390000001,17699075.940000001,30896757.879999999,664479.73,146881.89,517597.83,85613.07,95,14011.77,2026-08-18 01:27:35.973859 UTC
356,20250228,4,4,2,6,18000681.390000001,17641636.039999999,17821158.710000001,33273431.57,191507.56,506305.04,-314797.48,-44247.88,95,14108.42,2026-08-18 01:27:35.973859 UTC
357,20250331,4,4,2,6,17641636.039999999,18064023.440000001,17852829.739999998,35650105.25,637901.35,193307.1,444594.25,-22206.85,95,14133.49,2026-08-18 01:27:35.973859 UTC
358,20250430,4,4,2,6,18064023.440000001,18205781.98,18134902.710000001,38026778.93,601169.35,452226.77,148942.58,-7184.04,95,14356.8,2026-08-18 01:27:35.973859 UTC
359,20250531,4,4,2,6,18205781.98,17943116.16,18074449.07,40403452.619999997,193346.89,368334.52,-174987.63,-87678.19,95,14308.94,2026-08-18 01:27:35.973859 UTC
360,20250630,4,4,2,6,17943116.16,17962879.59,17952997.879999999,42780126.299999997,292507.09,268727.26,23779.83,-4016.39,95,14212.79,2026-08-18 01:27:35.973859 UTC
361,20240131,6,4,2,6,37121464.090000004,37879673.030000001,37500568.560000002,3414079.6,1468009.67,723228.43,744781.24,13427.69,130,40625.62,2026-08-18 01:27:35.973859 UTC
362,20240229,6,4,2,6,37879673.030000001,38266525.960000001,38073099.5,6828159.2,1320422.12,556432.39,763989.73,-377136.8,130,41245.86,2026-08-18 01:27:35.973859 UTC
363,20240331,6,4,2,6,38266525.960000001,38100938.219999999,38183732.090000004,10242238.789999999,1437311.78,1112151.75,325160.03,-490747.77,130,41365.71,2026-08-18 01:27:35.973859 UTC
364,20240430,6,4,2,6,38100938.219999999,38500160.789999999,38300549.509999998,13656318.390000001,1221733.58,695256.31,526477.27,-127254.7,130,41492.26,2026-08-18 01:27:35.973859 UTC
365,20240531,6,4,2,6,38500160.789999999,38880408.32,38690284.560000002,17070397.989999998,388908.14,597494.79,-208586.65,588834.18,130,41914.47,2026-08-18 01:27:35.973859 UTC
366,20240630,6,4,2,6,38880408.32,38770179.609999999,38825293.960000001,20484477.59,1160574.05,959744.38,200829.67,-311058.39,130,42060.74,2026-08-18 01:27:35.973859 UTC
367,20240731,6,4,2,6,38770179.609999999,39962619.549999997,39366399.579999998,23898557.18,1345908.01,600587.02,745320.99,447118.95,130,42646.93,2026-08-18 01:27:35.973859 UTC
368,20240831,6,4,2,6,39962619.549999997,39574282.57,39768451.060000002,27312636.780000001,1233223.28,1177305.72,55917.56,-444254.54,130,43082.49,2026-08-18 01:27:35.973859 UTC
369,20240930,6,4,2,6,39574282.57,40093834.07,39834058.32,30726716.379999999,623202.81,556768.24,66434.57,453116.94,130,43153.56,2026-08-18 01:27:35.973859 UTC
370,20241031,6,4,2,6,40093834.07,41075683.460000001,40584758.770000003,34140795.979999997,997796.22,659448.52,338347.7,643501.68,130,43966.82,2026-08-18 01:27:35.973859 UTC
371,20241130,6,4,2,6,41075683.460000001,41756581.329999998,41416132.399999999,37554875.57,1552012.55,1065027.84,486984.7,193913.17,130,44867.48,2026-08-18 01:27:35.973859 UTC
372,20241231,6,4,2,6,41756581.329999998,41954557.32,41855569.32,40968955.170000002,1477909.7,774594.18,703315.52,-505339.54,130,45343.53,2026-08-18 01:27:35.973859 UTC
373,20250131,6,4,2,6,41954557.32,41767048.890000001,41860803.100000001,44383034.770000003,574996.89,667545.78,-92548.89,-94959.54,130,45349.2,2026-08-18 01:27:35.973859 UTC
374,20250228,6,4,2,6,41767048.890000001,42013047.82,41890048.350000001,47797114.369999997,1389389.16,1366959.95,22429.21,223569.71,130,45380.89,2026-08-18 01:27:35.973859 UTC
375,20250331,6,4,2,6,42013047.82,42085217.890000001,42049132.850000001,51211193.960000001,707848.83,583364.22,124484.61,-52314.54,130,45553.23,2026-08-18 01:27:35.973859 UTC
376,20250430,6,4,2,6,42085217.890000001,42580156.469999999,42332687.18,54625273.560000002,793354.71,633150.21,160204.5,334734.08,130,45860.41,2026-08-18 01:27:35.973859 UTC
377,20250531,6,4,2,6,42580156.469999999,43992448.359999999,43286302.420000002,58039353.159999996,1467478.07,392765.94,1074712.13,337579.76,130,46893.49,2026-08-18 01:27:35.973859 UTC
378,20250630,6,4,2,6,43992448.359999999,43163761.119999997,43578104.740000002,61453432.759999998,714111.12,1162617.83,-448506.71,-380180.53,130,47209.61,2026-08-18 01:27:35.973859 UTC
379,20240131,10,4,2,6,39754326,40041094.539999999,39897710.270000003,3199001.73,1009292.01,932968.56,76323.45,210445.09,80,26598.47,2026-08-18 01:27:35.973859 UTC
380,20240229,10,4,2,6,40041094.539999999,40930111.579999998,40485603.060000002,6398003.46,1474832.85,543202.92,931629.94,-42612.9,80,26990.4,2026-08-18 01:27:35.973859 UTC
381,20240331,10,4,2,6,40930111.579999998,41790001.670000002,41360056.619999997,9597005.18,1464409.68,487349.23,977060.45,-117170.36,80,27573.37,2026-08-18 01:27:35.973859 UTC
382,20240430,10,4,2,6,41790001.670000002,42060497.5,41925249.579999998,12796006.91,1364172.22,1349565.99,14606.24,255889.6,80,27950.17,2026-08-18 01:27:35.973859 UTC
383,20240531,10,4,2,6,42060497.5,42136391.259999998,42098444.380000003,15995008.640000001,1596148.34,1461245.64,134902.7,-59008.94,80,28065.63,2026-08-18 01:27:35.973859 UTC
384,20240630,10,4,2,6,42136391.259999998,41861327.899999999,41998859.579999998,19194010.370000001,775102.64,1238815.55,-463712.91,188649.56,80,27999.24,2026-08-18 01:27:35.973859 UTC
385,20240731,10,4,2,6,41861327.899999999,41845939.479999997,41853633.689999998,22393012.100000001,1260267.42,1123052.19,137215.23,-152603.64,80,27902.42,2026-08-18 01:27:35.973859 UTC
386,20240831,10,4,2,6,41845939.479999997,42118412.380000003,41982175.93,25592013.829999998,501759.64,550222.87,-48463.23,320936.13,80,27988.12,2026-08-18 01:27:35.973859 UTC
387,20240930,10,4,2,6,42118412.380000003,43157669.469999999,42638040.93,28791015.550000001,1674392.72,410535.62,1263857.1,-224600,80,28425.36,2026-08-18 01:27:35.973859 UTC
388,20241031,10,4,2,6,43157669.469999999,42785242.310000002,42971455.890000001,31990017.280000001,732848.77,1358668.96,-625820.19,253393.02,80,28647.64,2026-08-18 01:27:35.973859 UTC
389,20241130,10,4,2,6,42785242.310000002,42920714.960000001,42852978.630000003,35189019.009999998,706395.12,891347.67,-184952.55,320425.2,80,28568.65,2026-08-18 01:27:35.973859 UTC
390,20241231,10,4,2,6,42920714.960000001,42893986.82,42907350.890000001,38388020.740000002,681315.65,1041323.79,-360008.14,333280,80,28604.9,2026-08-18 01:27:35.973859 UTC
391,20250131,10,4,2,6,42893986.82,43431685.32,43162836.07,41587022.469999999,1505769.07,942150.27,563618.8,-25920.3,80,28775.22,2026-08-18 01:27:35.973859 UTC
392,20250228,10,4,2,6,43431685.32,44307307.759999998,43869496.539999999,44786024.200000003,1367069.93,718032.2,649037.73,226584.71,80,29246.33,2026-08-18 01:27:35.973859 UTC
393,20250331,10,4,2,6,44307307.759999998,44539309.549999997,44423308.649999999,47985025.920000002,821653.69,665855.4,155798.29,76203.5,80,29615.54,2026-08-18 01:27:35.973859 UTC
394,20250430,10,4,2,6,44539309.549999997,45428958.859999999,44984134.200000003,51184027.649999999,1743985.2,870633.29,873351.91,16297.39,80,29989.42,2026-08-18 01:27:35.973859 UTC
395,20250531,10,4,2,6,45428958.859999999,45409802.159999996,45419380.509999998,54383029.380000003,958246.08,974214.26,-15968.19,-3188.51,80,30279.59,2026-08-18 01:27:35.973859 UTC
396,20250630,10,4,2,6,45409802.159999996,45460840.549999997,45435321.359999999,57582031.109999999,1509750.3,1467160.09,42590.21,8448.18,80,30290.21,2026-08-18 01:27:35.973859 UTC
397,20240131,3,5,3,1,93176055.099999994,94661228.709999993,93918641.900000006,5323882.51,3528787.26,1868529.24,1660258.02,-175084.4,195,152617.79,2026-08-18 01:27:35.973859 UTC
398,20240229,3,5,3,1,94661228.709999993,93277179.109999999,93969203.909999996,10647765.02,2334218.21,1503954.01,830264.2,-2214313.8,195,152699.96,2026-08-18 01:27:35.973859 UTC
399,20240331,3,5,3,1,93277179.109999999,93461989.909999996,93369584.510000005,15971647.529999999,2012935.73,1339255.47,673680.26,-488869.47,195,151725.57,2026-08-18 01:27:35.973859 UTC
400,20240430,3,5,3,1,93461989.909999996,92758920.629999995,93110455.269999996,21295530.039999999,3499381.95,1938301.02,1561080.93,-2264150.2,195,151304.49,2026-08-18 01:27:35.973859 UTC
401,20240531,3,5,3,1,92758920.629999995,90506636.209999993,91632778.420000002,26619412.550000001,1824324.9,2077440.53,-253115.62,-1999168.79,195,148903.26,2026-08-18 01:27:35.973859 UTC
402,20240630,3,5,3,1,90506636.209999993,89004265.010000005,89755450.609999999,31943295.059999999,1616999.6,2951375.44,-1334375.84,-167995.36,195,145852.61,2026-08-18 01:27:35.973859 UTC
403,20240731,3,5,3,1,89004265.010000005,91032970.379999995,90018617.700000003,37267177.57,3473830.84,1524132.53,1949698.31,79007.06,195,146280.25,2026-08-18 01:27:35.973859 UTC
404,20240831,3,5,3,1,91032970.379999995,89898219.709999993,90465595.040000007,42591060.079999998,1872234.23,3021907.38,-1149673.16,14922.48,195,147006.59,2026-08-18 01:27:35.973859 UTC
405,20240930,3,5,3,1,89898219.709999993,92762915.099999994,91330567.400000006,47914942.590000004,3007750.8,1820698.54,1187052.26,1677643.14,195,148412.17,2026-08-18 01:27:35.973859 UTC
406,20241031,3,5,3,1,92762915.099999994,91731233.859999999,92247074.480000004,53238825.100000001,1853568.57,1679687.68,173880.88,-1205562.13,195,149901.5,2026-08-18 01:27:35.973859 UTC
407,20241130,3,5,3,1,91731233.859999999,92479606.030000001,92105419.950000003,58562707.609999999,2964093.33,2092025.95,872067.38,-123695.2,195,149671.31,2026-08-18 01:27:35.973859 UTC
408,20241231,3,5,3,1,92479606.030000001,94620186.400000006,93549896.209999993,63886590.119999997,1872833.81,1417674.37,455159.44,1685420.92,195,152018.58,2026-08-18 01:27:35.973859 UTC
409,20250131,3,5,3,1,94620186.400000006,96847634.299999997,95733910.349999994,69210472.629999995,3300904,920115.67,2380788.32,-153340.42,195,155567.6,2026-08-18 01:27:35.973859 UTC
410,20250228,3,5,3,1,96847634.299999997,96995384.379999995,96921509.340000004,74534355.150000006,3255474.74,3337350.81,-81876.07,229626.15,195,157497.45,2026-08-18 01:27:35.973859 UTC
411,20250331,3,5,3,1,96995384.379999995,98079224.950000003,97537304.659999996,79858237.659999996,3070592.54,2311643.68,758948.87,324891.71,195,158498.12,2026-08-18 01:27:35.973859 UTC
412,20250430,3,5,3,1,98079224.950000003,94160574.069999993,96119899.510000005,85182120.170000002,1439176.52,2880908.71,-1441732.2,-2476918.68,195,156194.84,2026-08-18 01:27:35.973859 UTC
413,20250531,3,5,3,1,94160574.069999993,95179490.939999998,94670032.510000005,90506002.680000007,2605882.57,1490310.07,1115572.5,-96655.63,195,153838.8,2026-08-18 01:27:35.973859 UTC
414,20250630,3,5,3,1,95179490.939999998,95894137.269999996,95536814.109999999,95829885.189999998,3348108.99,1262953.53,2085155.46,-1370509.13,195,155247.32,2026-08-18 01:27:35.973859 UTC
415,20240131,5,5,3,1,77713425.879999995,76379960.709999993,77046693.299999997,6611711.65,1542793.69,2487084.14,-944290.45,-389174.71,135,86677.53,2026-08-18 01:27:35.973859 UTC
416,20240229,5,5,3,1,76379960.709999993,76035979.310000002,76207970.010000005,13223423.310000001,2005833.49,1920922.11,84911.37,-428892.78,135,85733.97,2026-08-18 01:27:35.973859 UTC
417,20240331,5,5,3,1,76035979.310000002,76097272.310000002,76066625.810000002,19835134.960000001,1311171.41,1798678.97,-487507.57,548800.57,135,85574.95,2026-08-18 01:27:35.973859 UTC
418,20240430,5,5,3,1,76097272.310000002,75465860.629999995,75781566.469999999,26446846.609999999,2108800.4,2590517.28,-481716.88,-149694.79,135,85254.26,2026-08-18 01:27:35.973859 UTC
419,20240531,5,5,3,1,75465860.629999995,76245210.040000007,75855535.340000004,33058558.27,1861096.67,899162.49,961934.17,-182584.76,135,85337.48,2026-08-18 01:27:35.973859 UTC
420,20240630,5,5,3,1,76245210.040000007,78080301.379999995,77162755.709999993,39670269.920000002,2843429.63,775630.37,2067799.27,-232707.93,135,86808.1,2026-08-18 01:27:35.973859 UTC
421,20240731,5,5,3,1,78080301.379999995,78270161.030000001,78175231.200000003,46281981.57,2429109.72,2412154.91,16954.82,172904.83,135,87947.14,2026-08-18 01:27:35.973859 UTC
422,20240831,5,5,3,1,78270161.030000001,79337906.359999999,78804033.689999998,52893693.229999997,1592551.24,937541.13,655010.11,412735.21,135,88654.54,2026-08-18 01:27:35.973859 UTC
423,20240930,5,5,3,1,79337906.359999999,79920517.430000007,79629211.890000001,59505404.880000003,1088501.86,707325.27,381176.59,201434.48,135,89582.86,2026-08-18 01:27:35.973859 UTC
424,20241031,5,5,3,1,79920517.430000007,81302714.650000006,80611616.040000007,66117116.539999999,3155622.17,1480827.77,1674794.4,-292597.18,135,90688.07,2026-08-18 01:27:35.973859 UTC
425,20241130,5,5,3,1,81302714.650000006,81070285.480000004,81186500.069999993,72728828.189999998,2292089.94,2095856.89,196233.05,-428662.22,135,91334.81,2026-08-18 01:27:35.973859 UTC
426,20241231,5,5,3,1,81070285.480000004,78720282.349999994,79895283.920000002,79340539.840000004,838879.81,2685637.13,-1846757.32,-503245.81,135,89882.19,2026-08-18 01:27:35.973859 UTC
427,20250131,5,5,3,1,78720282.349999994,78173514.760000005,78446898.549999997,85952251.5,1840872.39,2047577.46,-206705.08,-340062.52,135,88252.76,2026-08-18 01:27:35.973859 UTC
428,20250228,5,5,3,1,78173514.760000005,77958842.159999996,78066178.459999993,92563963.150000006,2563548.63,2382267.31,181281.32,-395953.92,135,87824.45,2026-08-18 01:27:35.973859 UTC
429,20250331,5,5,3,1,77958842.159999996,78092465.950000003,78025654.049999997,99175674.799999997,1264965.39,1354423.77,-89458.38,223082.17,135,87778.86,2026-08-18 01:27:35.973859 UTC
430,20250430,5,5,3,1,78092465.950000003,79289401.290000007,78690933.620000005,105787386.459999993,2135598.87,1519348.62,616250.25,580685.09,135,88527.3,2026-08-18 01:27:35.973859 UTC
431,20250531,5,5,3,1,79289401.290000007,79491360.519999996,79390380.900000006,112399098.109999999,2386446.66,2120706.51,265740.15,-63780.93,135,89314.18,2026-08-18 01:27:35.973859 UTC
432,20250630,5,5,3,1,79491360.519999996,79685716.030000001,79588538.269999996,119010809.760000005,2862581.8,2551792.63,310789.16,-116433.66,135,89537.11,2026-08-18 01:27:35.973859 UTC
433,20240131,6,5,3,1,80215014.920000002,78736857.319999993,79475936.120000005,7122099.81,1032242.98,2377090.58,-1344847.59,-133310.01,130,86098.93,2026-08-18 01:27:35.973859 UTC
434,20240229,6,5,3,1,78736857.319999993,78846576.459999993,78791716.890000001,14244199.619999999,2780364.39,2712393.41,67970.98,41748.17,130,85357.69,2026-08-18 01:27:35.973859 UTC
435,20240331,6,5,3,1,78846576.459999993,76960850.459999993,77903713.459999993,21366299.420000002,918370.21,2158322.89,-1239952.68,-645773.33,130,84395.69,2026-08-18 01:27:35.973859 UTC
436,20240430,6,5,3,1,76960850.459999993,77973204.329999998,77467027.390000001,28488399.23,2604662.14,1574847.91,1029814.23,-17460.35,130,83922.61,2026-08-18 01:27:35.973859 UTC
437,20240531,6,5,3,1,77973204.329999998,78876528.709999993,78424866.519999996,35610499.039999999,2506972.31,1439858.63,1067113.68,-163789.3,130,84960.27,2026-08-18 01:27:35.973859 UTC
438,20240630,6,5,3,1,78876528.709999993,80028670.400000006,79452599.549999997,42732598.850000001,2515250.33,1254483.59,1260766.74,-108625.05,130,86073.65,2026-08-18 01:27:35.973859 UTC
439,20240731,6,5,3,1,80028670.400000006,79999750.390000001,80014210.390000001,49854698.659999996,3111987.08,2682071.52,429915.56,-458835.57,130,86682.06,2026-08-18 01:27:35.973859 UTC
440,20240831,6,5,3,1,79999750.390000001,80152299.829999998,80076025.109999999,56976798.469999999,2072912.65,992703.14,1080209.52,-927660.07,130,86749.03,2026-08-18 01:27:35.973859 UTC
441,20240930,6,5,3,1,80152299.829999998,82388585.040000007,81270442.430000007,64098898.270000003,2222140.92,913451.28,1308689.64,927595.57,130,88042.98,2026-08-18 01:27:35.973859 UTC
442,20241031,6,5,3,1,82388585.040000007,81641099.599999994,82014842.319999993,71220998.079999998,1229937.41,1531236.75,-301299.34,-446186.1,130,88849.41,2026-08-18 01:27:35.973859 UTC
443,20241130,6,5,3,1,81641099.599999994,79416751.870000005,80528925.739999995,78343097.890000001,1082685.94,2891429.64,-1808743.7,-415604.03,130,87239.67,2026-08-18 01:27:35.973859 UTC
444,20241231,6,5,3,1,79416751.870000005,81651798.189999998,80534275.030000001,85465197.700000003,1716718.83,703245.63,1013473.19,1221573.13,130,87245.46,2026-08-18 01:27:35.973859 UTC
445,20250131,6,5,3,1,81651798.189999998,80848638.829999998,81250218.510000005,92587297.510000005,910336.56,1916153.41,-1005816.85,202657.49,130,88021.07,2026-08-18 01:27:35.973859 UTC
446,20250228,6,5,3,1,80848638.829999998,82880261.459999993,81864450.150000006,99709397.310000002,2858467.38,729555.18,2128912.2,-97289.57,130,88686.49,2026-08-18 01:27:35.973859 UTC
447,20250331,6,5,3,1,82880261.459999993,82130561.069999993,82505411.260000005,106831497.120000005,1387960.24,1932505.15,-544544.91,-205155.48,130,89380.86,2026-08-18 01:27:35.973859 UTC
448,20250430,6,5,3,1,82130561.069999993,83372009.349999994,82751285.209999993,113953596.930000007,1359340.41,1070965.37,288375.04,953073.24,130,89647.23,2026-08-18 01:27:35.973859 UTC
449,20250531,6,5,3,1,83372009.349999994,83604145.319999993,83488077.329999998,121075696.739999995,844384.88,1037377.57,-192992.69,425128.66,130,90445.42,2026-08-18 01:27:35.973859 UTC
450,20250630,6,5,3,1,83604145.319999993,83166093.780000001,83385119.549999997,128197796.549999997,2788022.47,2577818.62,210203.86,-648255.39,130,90333.88,2026-08-18 01:27:35.973859 UTC
451,20240131,7,5,3,1,49803649.380000003,51239818.420000002,50521733.899999999,5615480.1,1347133.19,704753.72,642379.47,793789.58,105,44206.52,2026-08-18 01:27:35.973859 UTC
452,20240229,7,5,3,1,51239818.420000002,52530953.130000003,51885385.780000001,11230960.189999999,1930863,1368640.48,562222.52,728912.19,105,45399.71,2026-08-18 01:27:35.973859 UTC
453,20240331,7,5,3,1,52530953.130000003,51677643.020000003,52104298.079999998,16846440.289999999,707244.19,955454.41,-248210.22,-605099.89,105,45591.26,2026-08-18 01:27:35.973859 UTC
454,20240430,7,5,3,1,51677643.020000003,51242202.310000002,51459922.670000002,22461920.379999999,1059512.74,1011836.62,47676.12,-483116.83,105,45027.43,2026-08-18 01:27:35.973859 UTC
455,20240531,7,5,3,1,51242202.310000002,50057501.579999998,50649851.950000003,28077400.48,653730.57,1750130.77,-1096400.2,-88300.53,105,44318.62,2026-08-18 01:27:35.973859 UTC
456,20240630,7,5,3,1,50057501.579999998,49935152.640000001,49996327.109999999,33692880.579999998,1169206.52,973470.92,195735.6,-318084.54,105,43746.79,2026-08-18 01:27:35.973859 UTC
457,20240731,7,5,3,1,49935152.640000001,49218412.020000003,49576782.329999998,39308360.670000002,1570063.91,1693409.73,-123345.82,-593394.8,105,43379.68,2026-08-18 01:27:35.973859 UTC
458,20240831,7,5,3,1,49218412.020000003,49876004.619999997,49547208.32,44923840.770000003,1890486.88,1056651.03,833835.85,-176243.25,105,43353.81,2026-08-18 01:27:35.973859 UTC
459,20240930,7,5,3,1,49876004.619999997,49130950.210000001,49503477.420000002,50539320.859999999,1685238.92,1759100.76,-73861.84,-671192.57,105,43315.54,2026-08-18 01:27:35.973859 UTC
460,20241031,7,5,3,1,49130950.210000001,48552447.460000001,48841698.840000004,56154800.960000001,1463423.48,1727733.63,-264310.15,-314192.6,105,42736.49,2026-08-18 01:27:35.973859 UTC
461,20241130,7,5,3,1,48552447.460000001,49104412.729999997,48828430.100000001,61770281.060000002,1588867.06,1113702.86,475164.2,76801.08,105,42724.88,2026-08-18 01:27:35.973859 UTC
462,20241231,7,5,3,1,49104412.729999997,49332402.729999997,49218407.729999997,67385761.150000006,1194997.09,1032282.33,162714.76,65275.24,105,43066.11,2026-08-18 01:27:35.973859 UTC
463,20250131,7,5,3,1,49332402.729999997,49449877.479999997,49391140.109999999,73001241.25,1221431.18,628433.58,592997.6,-475522.85,105,43217.25,2026-08-18 01:27:35.973859 UTC
464,20250228,7,5,3,1,49449877.479999997,50129583.520000003,49789730.5,78616721.340000004,1369072.59,1455390.33,-86317.74,766023.78,105,43566.01,2026-08-18 01:27:35.973859 UTC
465,20250331,7,5,3,1,50129583.520000003,50338095.329999998,50233839.43,84232201.439999998,1643887.65,1538623.44,105264.21,103247.6,105,43954.61,2026-08-18 01:27:35.973859 UTC
466,20250430,7,5,3,1,50338095.329999998,49962263.049999997,50150179.189999998,89847681.540000007,669280.18,618579.99,50700.19,-426532.48,105,43881.41,2026-08-18 01:27:35.973859 UTC
467,20250531,7,5,3,1,49962263.049999997,50217610.329999998,50089936.689999998,95463161.629999995,810832.86,523235.61,287597.25,-32249.97,105,43828.69,2026-08-18 01:27:35.973859 UTC
468,20250630,7,5,3,1,50217610.329999998,49110179.5,49663894.909999996,101078641.730000004,943516.4,1725774.44,-782258.04,-325172.79,105,43455.91,2026-08-18 01:27:35.973859 UTC
469,20240131,8,5,3,1,79301198.689999998,78736592.549999997,79018895.620000005,6433651.01,1025299.17,1588521.77,-563222.6,-1383.54,35,23047.18,2026-08-18 01:27:35.973859 UTC
470,20240229,8,5,3,1,78736592.549999997,78401213.569999993,78568903.060000002,12867302.02,2032409.31,2358860.28,-326450.97,-8928.01,35,22915.93,2026-08-18 01:27:35.973859 UTC
471,20240331,8,5,3,1,78401213.569999993,77626430.799999997,78013822.189999998,19300953.039999999,1659595.56,2449598.33,-790002.77,15220,35,22754.03,2026-08-18 01:27:35.973859 UTC
472,20240430,8,5,3,1,77626430.799999997,79345948.780000001,78486189.790000007,25734604.050000001,2720604.51,1007958.35,1712646.16,6871.82,35,22891.81,2026-08-18 01:27:35.973859 UTC
473,20240531,8,5,3,1,79345948.780000001,78246991.299999997,78796470.040000007,32168255.059999999,1013334.91,2133647.55,-1120312.64,21355.16,35,22982.3,2026-08-18 01:27:35.973859 UTC
474,20240630,8,5,3,1,78246991.299999997,79855645.310000002,79051318.310000002,38601906.07,2567558.29,962432.53,1605125.76,3528.25,35,23056.63,2026-08-18 01:27:35.973859 UTC
475,20240731,8,5,3,1,79855645.310000002,80334343.629999995,80094994.469999999,45035557.079999998,2238861.56,1743714.9,495146.66,-16448.34,35,23361.04,2026-08-18 01:27:35.973859 UTC
476,20240831,8,5,3,1,80334343.629999995,81087674.760000005,80711009.189999998,51469208.100000001,2252918.04,1463847.89,789070.15,-35739.03,35,23540.71,2026-08-18 01:27:35.973859 UTC
477,20240930,8,5,3,1,81087674.760000005,83369872.439999998,82228773.599999994,57902859.109999999,2974241.92,718551.45,2255690.48,26507.21,35,23983.39,2026-08-18 01:27:35.973859 UTC
478,20241031,8,5,3,1,83369872.439999998,83452016,83410944.219999999,64336510.119999997,3024692.59,2948182.81,76509.78,5633.78,35,24328.19,2026-08-18 01:27:35.973859 UTC
479,20241130,8,5,3,1,83452016,82928092.560000002,83190054.280000001,70770161.129999995,1955243.23,2470579.14,-515335.91,-8587.53,35,24263.77,2026-08-18 01:27:35.973859 UTC
480,20241231,8,5,3,1,82928092.560000002,83281801.200000003,83104946.879999995,77203812.140000001,2309309.19,1962338.39,346970.8,6737.84,35,24238.94,2026-08-18 01:27:35.973859 UTC
481,20250131,8,5,3,1,83281801.200000003,83231312.129999995,83256556.670000002,83637463.159999996,2426545.45,2463340.44,-36794.99,-13694.08,35,24283.16,2026-08-18 01:27:35.973859 UTC
482,20250228,8,5,3,1,83231312.129999995,83835610.540000007,83533461.329999998,90071114.170000002,1413924.71,778092.81,635831.9,-31533.49,35,24363.93,2026-08-18 01:27:35.973859 UTC
483,20250331,8,5,3,1,83835610.540000007,85016514.099999994,84426062.319999993,96504765.180000007,2058494.74,865666.84,1192827.9,-11924.33,35,24624.27,2026-08-18 01:27:35.973859 UTC
484,20250430,8,5,3,1,85016514.099999994,86782149.170000002,85899331.640000001,102938416.189999998,3208109.4,1469718.43,1738390.97,27244.1,35,25053.97,2026-08-18 01:27:35.973859 UTC
485,20250531,8,5,3,1,86782149.170000002,86718890.5,86750519.840000004,109372067.200000003,1593899.08,1638792.17,-44893.08,-18365.59,35,25302.23,2026-08-18 01:27:35.973859 UTC
486,20250630,8,5,3,1,86718890.5,87347719.659999996,87033305.079999998,115805718.219999999,2427050.1,1784088.73,642961.37,-14132.21,35,25384.71,2026-08-18 01:27:35.973859 UTC
487,20240131,9,5,3,1,81284965.799999997,80579914.340000004,80932440.069999993,5962402.82,2721561.09,2147160.45,574400.64,-1279452.1,175,118026.48,2026-08-18 01:27:35.973859 UTC
488,20240229,9,5,3,1,80579914.340000004,78816329.530000001,79698121.930000007,11924805.630000001,1039729.03,1340054.53,-300325.51,-1463259.3,175,116226.43,2026-08-18 01:27:35.973859 UTC
489,20240331,9,5,3,1,78816329.530000001,81461027.150000006,80138678.340000004,17887208.449999999,2828394.71,1843690.08,984704.64,1659992.98,175,116868.91,2026-08-18 01:27:35.973859 UTC
490,20240430,9,5,3,1,81461027.150000006,79828682.900000006,80644855.019999996,23849611.27,3013093.62,2932342.66,80750.96,-1713095.21,175,117607.08,2026-08-18 01:27:35.973859 UTC
491,20240531,9,5,3,1,79828682.900000006,76434913.989999995,78131798.439999998,29812014.079999998,838445.25,2701759.96,-1863314.71,-1530454.2,175,113942.21,2026-08-18 01:27:35.973859 UTC
492,20240630,9,5,3,1,76434913.989999995,74648989.310000002,75541951.650000006,35774416.899999999,2078347.43,2201009.98,-122662.55,-1663262.12,175,110165.35,2026-08-18 01:27:35.973859 UTC
493,20240731,9,5,3,1,74648989.310000002,77635918.540000007,76142453.930000007,41736819.719999999,2282539.7,1038238.63,1244301.07,1742628.16,175,111041.08,2026-08-18 01:27:35.973859 UTC
494,20240831,9,5,3,1,77635918.540000007,80529628.150000006,79082773.340000004,47699222.530000001,2905244.62,1652623.74,1252620.88,1641088.72,175,115329.04,2026-08-18 01:27:35.973859 UTC
495,20240930,9,5,3,1,80529628.150000006,82323861.739999995,81426744.939999998,53661625.350000001,1304162.82,1523113.16,-218950.34,2013183.93,175,118747.34,2026-08-18 01:27:35.973859 UTC
496,20241031,9,5,3,1,82323861.739999995,81990176.819999993,82157019.280000001,59624028.170000002,1548259.35,2127997.22,-579737.87,246052.95,175,119812.32,2026-08-18 01:27:35.973859 UTC
497,20241130,9,5,3,1,81990176.819999993,83616611.560000002,82803394.189999998,65586430.979999997,881573.54,1629060.31,-747486.77,2373921.52,175,120754.95,2026-08-18 01:27:35.973859 UTC
498,20241231,9,5,3,1,83616611.560000002,82189045.879999995,82902828.719999999,71548833.799999997,939493.19,2218307.67,-1278814.48,-148751.2,175,120899.96,2026-08-18 01:27:35.973859 UTC
499,20250131,9,5,3,1,82189045.879999995,85226310.609999999,83707678.25,77511236.620000005,1652094.42,725696.09,926398.34,2110866.4,175,122073.7,2026-08-18 01:27:35.973859 UTC
500,20250228,9,5,3,1,85226310.609999999,86032752.109999999,85629531.359999999,83473639.430000007,1617839.4,2350762.76,-732923.36,1539364.85,175,124876.4,2026-08-18 01:27:35.973859 UTC
501,20250331,9,5,3,1,86032752.109999999,88548012.459999993,87290382.280000001,89436042.25,2027064.77,694750.75,1332314.02,1182946.33,175,127298.47,2026-08-18 01:27:35.973859 UTC
502,20250430,9,5,3,1,88548012.459999993,87580682.140000001,88064347.299999997,95398445.069999993,3168391.21,2948253.82,220137.39,-1187467.71,175,128427.17,2026-08-18 01:27:35.973859 UTC
503,20250531,9,5,3,1,87580682.140000001,85740615,86660648.569999993,101360847.879999995,1876635.87,2237609.91,-360974.04,-1479093.1,175,126380.11,2026-08-18 01:27:35.973859 UTC
504,20250630,9,5,3,1,85740615,87410378.549999997,86575496.780000001,107323250.700000003,1943635.05,2162892.85,-219257.8,1889021.35,175,126255.93,2026-08-18 01:27:35.973859 UTC
505,20240131,10,5,3,1,40650923.549999997,40806813.210000001,40728868.380000003,5874969.05,1452343.99,1016418.45,435925.54,-280035.88,80,27152.58,2026-08-18 01:27:35.973859 UTC
506,20240229,10,5,3,1,40806813.210000001,41073414.899999999,40940114.060000002,11749938.109999999,1279824.15,1095962.34,183861.8,82739.88,80,27293.41,2026-08-18 01:27:35.973859 UTC
507,20240331,10,5,3,1,41073414.899999999,41148120.710000001,41110767.810000002,17624907.16,794795.57,553490.01,241305.56,-166599.75,80,27407.18,2026-08-18 01:27:35.973859 UTC
508,20240430,10,5,3,1,41148120.710000001,40886458.719999999,41017289.719999999,23499876.210000001,968546.13,1232381.75,-263835.62,2173.63,80,27344.86,2026-08-18 01:27:35.973859 UTC
509,20240531,10,5,3,1,40886458.719999999,40589925.340000004,40738192.030000001,29374845.27,439456.06,936315.73,-496859.67,200326.29,80,27158.79,2026-08-18 01:27:35.973859 UTC
510,20240630,10,5,3,1,40589925.340000004,41473152.829999998,41031539.090000004,35249814.32,1589108.67,676480.75,912627.92,-29400.43,80,27354.36,2026-08-18 01:27:35.973859 UTC
511,20240731,10,5,3,1,41473152.829999998,41090938.450000003,41282045.640000001,41124783.369999997,423780.95,1078145.55,-654364.6,272150.22,80,27521.36,2026-08-18 01:27:35.973859 UTC
512,20240831,10,5,3,1,41090938.450000003,41586357.049999997,41338647.75,46999752.43,1366200.93,984584.39,381616.54,113802.06,80,27559.1,2026-08-18 01:27:35.973859 UTC
513,20240930,10,5,3,1,41586357.049999997,41649966.219999999,41618161.630000003,52874721.479999997,455073.47,419652.55,35420.92,28188.25,80,27745.44,2026-08-18 01:27:35.973859 UTC
514,20241031,10,5,3,1,41649966.219999999,41447690.420000002,41548828.32,58749690.539999999,686037.09,1120036.9,-433999.81,231724.02,80,27699.22,2026-08-18 01:27:35.973859 UTC
515,20241130,10,5,3,1,41447690.420000002,41193752.07,41320721.240000002,64624659.590000004,614436.87,627694.09,-13257.22,-240681.14,80,27547.15,2026-08-18 01:27:35.973859 UTC
516,20241231,10,5,3,1,41193752.07,40915123.200000003,41054437.630000003,70499628.640000001,606308.8,736018.71,-129709.91,-148918.96,80,27369.63,2026-08-18 01:27:35.973859 UTC
517,20250131,10,5,3,1,40915123.200000003,40556288.210000001,40735705.700000003,76374597.700000003,1132839.56,1197724.53,-64884.97,-293950.01,80,27157.14,2026-08-18 01:27:35.973859 UTC
518,20250228,10,5,3,1,40556288.210000001,40095331.079999998,40325809.640000001,82249566.75,623739.39,918364.61,-294625.22,-166331.91,80,26883.87,2026-08-18 01:27:35.973859 UTC
519,20250331,10,5,3,1,40095331.079999998,41087130.899999999,40591230.990000002,88124535.799999997,1406708.22,578522.47,828185.75,163614.08,80,27060.82,2026-08-18 01:27:35.973859 UTC
520,20250430,10,5,3,1,41087130.899999999,42004970.07,41546050.479999997,93999504.859999999,1151833.35,371286.79,780546.55,137292.61,80,27697.37,2026-08-18 01:27:35.973859 UTC
521,20250531,10,5,3,1,42004970.07,42005516.439999998,42005243.25,99874473.909999996,800365.05,1040958.16,-240593.11,241139.48,80,28003.5,2026-08-18 01:27:35.973859 UTC
522,20250630,10,5,3,1,42005516.439999998,42957650.899999999,42481583.670000002,105749442.959999993,1233699.46,423990.44,809709.02,142425.45,80,28321.06,2026-08-18 01:27:35.973859 UTC
523,20240131,3,6,4,3,11331512.050000001,11261207.630000001,11296359.84,785595.42,311304.56,142835.04,168469.52,-238773.94,195,18356.58,2026-08-18 01:27:35.973859 UTC
524,20240229,3,6,4,3,11261207.630000001,11553620.16,11407413.9,1571190.84,364320.22,270155.87,94164.35,198248.19,195,18537.05,2026-08-18 01:27:35.973859 UTC
525,20240331,3,6,4,3,11553620.16,11648715.210000001,11601167.68,2356786.26,185969.39,134491.17,51478.22,43616.83,195,18851.9,2026-08-18 01:27:35.973859 UTC
526,20240430,3,6,4,3,11648715.210000001,11351201.720000001,11499958.460000001,3142381.68,233410.27,312190.18,-78779.91,-218733.57,195,18687.43,2026-08-18 01:27:35.973859 UTC
527,20240531,3,6,4,3,11351201.720000001,11283796.039999999,11317498.880000001,3927977.1,308887.3,199609.23,109278.07,-176683.76,195,18390.94,2026-08-18 01:27:35.973859 UTC
528,20240630,3,6,4,3,11283796.039999999,11623316.060000001,11453556.050000001,4713572.52,353334.64,377266.63,-23931.99,363452.01,195,18612.03,2026-08-18 01:27:35.973859 UTC
529,20240731,3,6,4,3,11623316.060000001,11919633.18,11771474.619999999,5499167.94,430584.45,364384.25,66200.2,230116.93,195,19128.65,2026-08-18 01:27:35.973859 UTC
530,20240831,3,6,4,3,11919633.18,11950907.16,11935270.17,6284763.36,365846.63,347753.18,18093.45,13180.53,195,19394.81,2026-08-18 01:27:35.973859 UTC
531,20240930,3,6,4,3,11950907.16,11856081.960000001,11903494.560000001,7070358.78,253462.59,270594.27,-17131.68,-77693.52,195,19343.18,2026-08-18 01:27:35.973859 UTC
532,20241031,3,6,4,3,11856081.960000001,11887243.060000001,11871662.51,7855954.2,308123.12,323485.62,-15362.5,46523.6,195,19291.45,2026-08-18 01:27:35.973859 UTC
533,20241130,3,6,4,3,11887243.060000001,11945287.02,11916265.039999999,8641549.619999999,170239.76,307715.19,-137475.43,195519.39,195,19363.93,2026-08-18 01:27:35.973859 UTC
534,20241231,3,6,4,3,11945287.02,12152882.6,12049084.810000001,9427145.039999999,203511.69,120921.79,82589.89,125005.68,195,19579.76,2026-08-18 01:27:35.973859 UTC
535,20250131,3,6,4,3,12152882.6,11947269.35,12050075.98,10212740.460000001,318065.99,278573.2,39492.79,-245106.04,195,19581.37,2026-08-18 01:27:35.973859 UTC
536,20250228,3,6,4,3,11947269.35,12133123.16,12040196.25,10998335.880000001,447449.48,102209.35,345240.14,-159386.34,195,19565.32,2026-08-18 01:27:35.973859 UTC
537,20250331,3,6,4,3,12133123.16,12210843.810000001,12171983.48,11783931.300000001,183848.77,357089.39,-173240.62,250961.28,195,19779.47,2026-08-18 01:27:35.973859 UTC
538,20250430,3,6,4,3,12210843.810000001,12117210.130000001,12164026.970000001,12569526.720000001,252942.37,253103.73,-161.36,-93472.32,195,19766.54,2026-08-18 01:27:35.973859 UTC
539,20250531,3,6,4,3,12117210.130000001,11960128.09,12038669.109999999,13355122.140000001,390495.51,323782.38,66713.12,-223795.16,195,19562.84,2026-08-18 01:27:35.973859 UTC
540,20250630,3,6,4,3,11960128.09,11942044.15,11951086.119999999,14140717.560000001,286120.6,123976.35,162144.25,-180228.18,195,19420.51,2026-08-18 01:27:35.973859 UTC
541,20240131,7,6,4,3,4905933.64,4892764.24,4899348.94,698263.96,93422.67,149728.09,-56305.42,43136.02,105,4286.93,2026-08-18 01:27:35.973859 UTC
542,20240229,7,6,4,3,4892764.24,4841688.51,4867226.38,1396527.91,59974.55,115686.11,-55711.57,4635.83,105,4258.82,2026-08-18 01:27:35.973859 UTC
543,20240331,7,6,4,3,4841688.51,4826908.78,4834298.65,2094791.87,117508.77,77978.2,39530.56,-54310.29,105,4230.01,2026-08-18 01:27:35.973859 UTC
544,20240430,7,6,4,3,4826908.78,4874789.14,4850848.96,2793055.83,160000.98,157787.81,2213.17,45667.19,105,4244.49,2026-08-18 01:27:35.973859 UTC
545,20240531,7,6,4,3,4874789.14,4965757.02,4920273.08,3491319.78,139929.1,81561.16,58367.94,32599.93,105,4305.24,2026-08-18 01:27:35.973859 UTC
546,20240630,7,6,4,3,4965757.02,4890611.73,4928184.38,4189583.74,106588.65,163111.25,-56522.6,-18622.68,105,4312.16,2026-08-18 01:27:35.973859 UTC
547,20240731,7,6,4,3,4890611.73,4773711.12,4832161.43,4887847.69,83821.42,159942.39,-76120.97,-40779.64,105,4228.14,2026-08-18 01:27:35.973859 UTC
548,20240831,7,6,4,3,4773711.12,4847332.2,4810521.66,5586111.65,140427.9,64869.58,75558.32,-1937.24,105,4209.21,2026-08-18 01:27:35.973859 UTC
549,20240930,7,6,4,3,4847332.2,4855005.35,4851168.78,6284375.61,122285.28,87893.39,34391.89,-26718.73,105,4244.77,2026-08-18 01:27:35.973859 UTC
550,20241031,7,6,4,3,4855005.35,4815477.76,4835241.56,6982639.56,63429.41,81905.26,-18475.85,-21051.74,105,4230.84,2026-08-18 01:27:35.973859 UTC
551,20241130,7,6,4,3,4815477.76,4889758.47,4852618.11,7680903.52,125900.12,116149.31,9750.81,64529.9,105,4246.04,2026-08-18 01:27:35.973859 UTC
552,20241231,7,6,4,3,4889758.47,4874676.97,4882217.72,8379167.48,157944.86,152758.87,5185.99,-20267.49,105,4271.94,2026-08-18 01:27:35.973859 UTC
553,20250131,7,6,4,3,4874676.97,4801367.9,4838022.43,9077431.43,84577.71,116629.44,-32051.73,-41257.34,105,4233.27,2026-08-18 01:27:35.973859 UTC
554,20250228,7,6,4,3,4801367.9,4843327.34,4822347.62,9775695.390000001,148547.07,58919.7,89627.37,-47667.93,105,4219.55,2026-08-18 01:27:35.973859 UTC
555,20250331,7,6,4,3,4843327.34,4958973.63,4901150.48,10473959.35,162259.85,73754.54,88505.32,27140.97,105,4288.51,2026-08-18 01:27:35.973859 UTC
556,20250430,7,6,4,3,4958973.63,5044134.93,5001554.28,11172223.300000001,105007.66,60702.56,44305.1,40856.21,105,4376.36,2026-08-18 01:27:35.973859 UTC
557,20250531,7,6,4,3,5044134.93,5053166.15,5048650.54,11870487.26,66181.68,139429,-73247.32,82278.53,105,4417.57,2026-08-18 01:27:35.973859 UTC
558,20250630,7,6,4,3,5053166.15,5040146.13,5046656.14,12568751.210000001,132057.5,119709.55,12347.94,-25367.97,105,4415.82,2026-08-18 01:27:35.973859 UTC
559,20240131,10,6,4,3,6108504.19,6043671.32,6076087.75,818086.94,61982.09,92452.68,-30470.59,-34362.28,80,4050.73,2026-08-18 01:27:35.973859 UTC
560,20240229,10,6,4,3,6043671.32,5868701.17,5956186.25,1636173.88,64027.93,208372.45,-144344.52,-30625.62,80,3970.79,2026-08-18 01:27:35.973859 UTC
561,20240331,10,6,4,3,5868701.17,5801201.34,5834951.26,2454260.83,173109.99,207830.09,-34720.1,-32779.73,80,3889.97,2026-08-18 01:27:35.973859 UTC
562,20240430,10,6,4,3,5801201.34,5821193.08,5811197.21,3272347.77,150963.38,165613.25,-14649.87,34641.6,80,3874.13,2026-08-18 01:27:35.973859 UTC
563,20240531,10,6,4,3,5821193.08,5826901.64,5824047.36,4090434.71,130477.13,103645.54,26831.59,-21123.03,80,3882.7,2026-08-18 01:27:35.973859 UTC
564,20240630,10,6,4,3,5826901.64,5814590.15,5820745.89,4908521.65,99587,79486.66,20100.33,-32411.82,80,3880.5,2026-08-18 01:27:35.973859 UTC
565,20240731,10,6,4,3,5814590.15,5964155.54,5889372.84,5726608.59,190071.18,49349.08,140722.1,8843.29,80,3926.25,2026-08-18 01:27:35.973859 UTC
566,20240831,10,6,4,3,5964155.54,5878648.26,5921401.9,6544695.54,95585.28,201822.2,-106236.92,20729.64,80,3947.6,2026-08-18 01:27:35.973859 UTC
567,20240930,10,6,4,3,5878648.26,5908960.75,5893804.51,7362782.48,81406.21,63289.61,18116.59,12195.9,80,3929.2,2026-08-18 01:27:35.973859 UTC
568,20241031,10,6,4,3,5908960.75,5834607.24,5871784,8180869.42,62740.82,155499.4,-92758.58,18405.07,80,3914.52,2026-08-18 01:27:35.973859 UTC
569,20241130,10,6,4,3,5834607.24,5827110.67,5830858.96,8998956.359999999,165319.99,164275.09,1044.9,-8541.47,80,3887.24,2026-08-18 01:27:35.973859 UTC
570,20241231,10,6,4,3,5827110.67,5779182.95,5803146.81,9817043.300000001,117561.71,202745.17,-85183.45,37255.74,80,3868.76,2026-08-18 01:27:35.973859 UTC
571,20250131,10,6,4,3,5779182.95,5935278.75,5857230.85,10635130.25,229828.21,107385.82,122442.39,33653.4,80,3904.82,2026-08-18 01:27:35.973859 UTC
572,20250228,10,6,4,3,5935278.75,6021376.98,5978327.86,11453217.189999999,160476.03,105995.53,54480.5,31617.73,80,3985.55,2026-08-18 01:27:35.973859 UTC
573,20250331,10,6,4,3,6021376.98,6002145.96,6011761.47,12271304.130000001,206170.35,193544.49,12625.86,-31856.87,80,4007.84,2026-08-18 01:27:35.973859 UTC
574,20250430,10,6,4,3,6002145.96,5917325.27,5959735.61,13089391.07,105541.37,192601.63,-87060.26,2239.56,80,3973.16,2026-08-18 01:27:35.973859 UTC
575,20250531,10,6,4,3,5917325.27,5957363.89,5937344.58,13907478.01,138000.03,60263.4,77736.63,-37698,80,3958.23,2026-08-18 01:27:35.973859 UTC
576,20250630,10,6,4,3,5957363.89,6063856.43,6010610.16,14725564.960000001,191198.18,74049.79,117148.39,-10655.85,80,4007.07,2026-08-18 01:27:35.973859 UTC
577,20240131,2,7,6,4,31011717.84,31812023.93,31411870.879999999,1786196.95,988714.77,458897.24,529817.53,270488.56,150,39264.84,2026-08-18 01:27:35.973859 UTC
578,20240229,2,7,6,4,31812023.93,32821152.550000001,32316588.239999998,3572393.9,827773.35,766905.49,60867.85,948260.77,150,40395.74,2026-08-18 01:27:35.973859 UTC
579,20240331,2,7,6,4,32821152.550000001,33071438.41,32946295.48,5358590.85,1259555.69,1043695.57,215860.12,34425.74,150,41182.87,2026-08-18 01:27:35.973859 UTC
580,20240430,2,7,6,4,33071438.41,33583780.869999997,33327609.640000001,7144787.81,589025.85,535353.03,53672.83,458669.64,150,41659.51,2026-08-18 01:27:35.973859 UTC
581,20240531,2,7,6,4,33583780.869999997,33432184.609999999,33507982.739999998,8930984.76,1327024.37,626306.48,700717.89,-852314.15,150,41884.98,2026-08-18 01:27:35.973859 UTC
582,20240630,2,7,6,4,33432184.609999999,32545038.5,32988611.550000001,10717181.710000001,638159.34,997251.14,-359091.81,-528054.3,150,41235.76,2026-08-18 01:27:35.973859 UTC
583,20240731,2,7,6,4,32545038.5,33278760.23,32911899.359999999,12503378.66,720823.04,711495.95,9327.09,724394.65,150,41139.87,2026-08-18 01:27:35.973859 UTC
584,20240831,2,7,6,4,33278760.23,32590709.859999999,32934735.050000001,14289575.609999999,404544.29,394910.31,9633.98,-697684.35,150,41168.42,2026-08-18 01:27:35.973859 UTC
585,20240930,2,7,6,4,32590709.859999999,33735448.140000001,33163079,16075772.560000001,839462.09,508204.3,331257.79,813480.49,150,41453.85,2026-08-18 01:27:35.973859 UTC
586,20241031,2,7,6,4,33735448.140000001,33827556.229999997,33781502.189999998,17861969.510000002,980301.58,890608.9,89692.68,2415.4,150,42226.88,2026-08-18 01:27:35.973859 UTC
587,20241130,2,7,6,4,33827556.229999997,33384505.969999999,33606031.100000001,19648166.469999999,1340057.97,879747.24,460310.73,-903360.99,150,42007.54,2026-08-18 01:27:35.973859 UTC
588,20241231,2,7,6,4,33384505.969999999,33703554.259999998,33544030.120000001,21434363.420000002,920889.59,625872.87,295016.71,24031.58,150,41930.04,2026-08-18 01:27:35.973859 UTC
589,20250131,2,7,6,4,33703554.259999998,34316611.380000003,34010082.82,23220560.370000001,368009.68,470819.66,-102809.98,715867.09,150,42512.6,2026-08-18 01:27:35.973859 UTC
590,20250228,2,7,6,4,34316611.380000003,34366715.520000003,34341663.450000003,25006757.32,936224.25,1094239.6,-158015.35,208119.5,150,42927.08,2026-08-18 01:27:35.973859 UTC
591,20250331,2,7,6,4,34366715.520000003,35700784.700000003,35033750.109999999,26792954.27,1305907.74,336125.15,969782.59,364286.59,150,43792.19,2026-08-18 01:27:35.973859 UTC
592,20250430,2,7,6,4,35700784.700000003,35585162.630000003,35642973.670000002,28579151.219999999,561125.59,483950.91,77174.68,-192796.75,150,44553.72,2026-08-18 01:27:35.973859 UTC
593,20250531,2,7,6,4,35585162.630000003,35786334.689999998,35685748.659999996,30365348.170000002,733903.54,1065300.18,-331396.64,532568.7,150,44607.19,2026-08-18 01:27:35.973859 UTC
594,20250630,2,7,6,4,35786334.689999998,35990021.359999999,35888178.020000003,32151545.129999999,1137788.65,1017477.99,120310.67,83376.01,150,44860.22,2026-08-18 01:27:35.973859 UTC
595,20240131,4,7,6,4,30610700.949999999,31177394.170000002,30894047.559999999,2953921.97,997679.26,471391.09,526288.17,40405.05,95,24457.79,2026-08-18 01:27:35.973859 UTC
596,20240229,4,7,6,4,31177394.170000002,31174624.32,31176009.239999998,5907843.95,456061.26,584779.7,-128718.44,125948.59,95,24681.01,2026-08-18 01:27:35.973859 UTC
597,20240331,4,7,6,4,31174624.32,31069922.039999999,31122273.18,8861765.92,315899.99,644979.66,-329079.66,224377.38,95,24638.47,2026-08-18 01:27:35.973859 UTC
598,20240430,4,7,6,4,31069922.039999999,30911589.829999998,30990755.940000001,11815687.9,525040.26,888983.55,-363943.29,205611.08,95,24534.35,2026-08-18 01:27:35.973859 UTC
599,20240531,4,7,6,4,30911589.829999998,30990289.91,30950939.870000001,14769609.869999999,1186500.21,912187.73,274312.48,-195612.4,95,24502.83,2026-08-18 01:27:35.973859 UTC
600,20240630,4,7,6,4,30990289.91,31670299.260000002,31330294.579999998,17723531.850000001,990059.61,338034.76,652024.84,27984.5,95,24803.15,2026-08-18 01:27:35.973859 UTC
601,20240731,4,7,6,4,31670299.260000002,32223519.93,31946909.59,20677453.82,1181934.96,432470.68,749464.27,-196243.6,95,25291.3,2026-08-18 01:27:35.973859 UTC
602,20240831,4,7,6,4,32223519.93,33171514.420000002,32697517.18,23631375.800000001,1037141.88,282949.79,754192.09,193802.4,95,25885.53,2026-08-18 01:27:35.973859 UTC
603,20240930,4,7,6,4,33171514.420000002,33841823.149999999,33506668.789999999,26585297.77,754903.96,304057.15,450846.81,219461.91,95,26526.11,2026-08-18 01:27:35.973859 UTC
604,20241031,4,7,6,4,33841823.149999999,33931779.920000002,33886801.539999999,29539219.75,753055.12,676267.74,76787.37,13169.4,95,26827.05,2026-08-18 01:27:35.973859 UTC
605,20241130,4,7,6,4,33931779.920000002,34269707.640000001,34100743.780000001,32493141.719999999,1074648.77,541704.23,532944.53,-195016.82,95,26996.42,2026-08-18 01:27:35.973859 UTC
606,20241231,4,7,6,4,34269707.640000001,34848439.770000003,34559073.700000003,35447063.700000003,1064263.74,287842.83,776420.91,-197688.79,95,27359.27,2026-08-18 01:27:35.973859 UTC
607,20250131,4,7,6,4,34848439.770000003,34660957.039999999,34754698.399999999,38400985.670000002,1263888.2,1211829.98,52058.22,-239540.95,95,27514.14,2026-08-18 01:27:35.973859 UTC
608,20250228,4,7,6,4,34660957.039999999,34606246.130000003,34633601.579999998,41354907.649999999,559526.75,571597.28,-12070.53,-42640.39,95,27418.27,2026-08-18 01:27:35.973859 UTC
609,20250331,4,7,6,4,34606246.130000003,35550107.840000004,35078176.979999997,44308829.619999997,1175250.74,281555.78,893694.96,50166.75,95,27770.22,2026-08-18 01:27:35.973859 UTC
610,20250430,4,7,6,4,35550107.840000004,36051578.549999997,35800843.200000003,47262751.600000001,991151.94,373064.39,618087.55,-116616.84,95,28342.33,2026-08-18 01:27:35.973859 UTC
611,20250531,4,7,6,4,36051578.549999997,35543666.740000002,35797622.649999999,50216673.57,536299.78,1083520.62,-547220.85,39309.03,95,28339.78,2026-08-18 01:27:35.973859 UTC
612,20250630,4,7,6,4,35543666.740000002,36435094.060000002,35989380.399999999,53170595.549999997,1039045.34,390877.45,648167.89,243259.43,95,28491.59,2026-08-18 01:27:35.973859 UTC
613,20240131,5,7,6,4,36786369.719999999,37283042.520000003,37034706.119999997,2165878.24,1372685.91,900905.56,471780.35,24892.45,135,41664.04,2026-08-18 01:27:35.973859 UTC
614,20240229,5,7,6,4,37283042.520000003,36685324.079999998,36984183.299999997,4331756.47,661902.58,1017417.93,-355515.34,-242203.1,135,41607.21,2026-08-18 01:27:35.973859 UTC
615,20240331,5,7,6,4,36685324.079999998,37551522.450000003,37118423.259999998,6497634.71,1421779.01,370319.19,1051459.82,-185261.45,135,41758.23,2026-08-18 01:27:35.973859 UTC
616,20240430,5,7,6,4,37551522.450000003,38232279.920000002,37891901.189999998,8663512.949999999,1458939.56,941683.22,517256.33,163501.14,135,42628.39,2026-08-18 01:27:35.973859 UTC
617,20240531,5,7,6,4,38232279.920000002,37780560.450000003,38006420.189999998,10829391.189999999,494084.91,1193926.4,-699841.5,248122.03,135,42757.22,2026-08-18 01:27:35.973859 UTC
618,20240630,5,7,6,4,37780560.450000003,37880944.020000003,37830752.229999997,12995269.42,522455,423454.36,99000.64,1382.93,135,42559.6,2026-08-18 01:27:35.973859 UTC
619,20240731,5,7,6,4,37880944.020000003,37956159.259999998,37918551.640000001,15161147.66,1005194.96,661422.91,343772.06,-268556.81,135,42658.37,2026-08-18 01:27:35.973859 UTC
620,20240831,5,7,6,4,37956159.259999998,38055261.939999998,38005710.600000001,17327025.899999999,756718.02,596584.41,160133.61,-61030.93,135,42756.42,2026-08-18 01:27:35.973859 UTC
621,20240930,5,7,6,4,38055261.939999998,37497406.299999997,37776334.119999997,19492904.140000001,944164.58,1343080.37,-398915.79,-158939.85,135,42498.38,2026-08-18 01:27:35.973859 UTC
622,20241031,5,7,6,4,37497406.299999997,37598583.740000002,37547995.020000003,21658782.370000001,1137653.89,1196060.07,-58406.17,159583.61,135,42241.49,2026-08-18 01:27:35.973859 UTC
623,20241130,5,7,6,4,37598583.740000002,38174533.479999997,37886558.609999999,23824660.609999999,678109.93,325610.35,352499.58,223450.16,135,42622.38,2026-08-18 01:27:35.973859 UTC
624,20241231,5,7,6,4,38174533.479999997,38190303.600000001,38182418.539999999,25990538.850000001,720436.14,563172.21,157263.93,-141493.81,135,42955.22,2026-08-18 01:27:35.973859 UTC
625,20250131,5,7,6,4,38190303.600000001,38956358.939999998,38573331.270000003,28156417.09,1350765.75,743762.76,607003,159052.34,135,43395,2026-08-18 01:27:35.973859 UTC
626,20250228,5,7,6,4,38956358.939999998,38567721.340000004,38762040.140000001,30322295.32,1103473.38,1375138.55,-271665.17,-116972.43,135,43607.3,2026-08-18 01:27:35.973859 UTC
627,20250331,5,7,6,4,38567721.340000004,38041187.119999997,38304454.229999997,32488173.559999999,588320.84,1075590.83,-487270,-39264.22,135,43092.51,2026-08-18 01:27:35.973859 UTC
628,20250430,5,7,6,4,38041187.119999997,38637957.43,38339572.270000003,34654051.799999997,1073479.79,331383.44,742096.35,-145326.04,135,43132.02,2026-08-18 01:27:35.973859 UTC
629,20250531,5,7,6,4,38637957.43,39298019.539999999,38967988.479999997,36819930.039999999,1236566.7,473322.16,763244.54,-103182.43,135,43838.99,2026-08-18 01:27:35.973859 UTC
630,20250630,5,7,6,4,39298019.539999999,39756350.299999997,39527184.920000002,38985808.270000003,1153934.75,558820.73,595114.02,-136783.26,135,44468.08,2026-08-18 01:27:35.973859 UTC
631,20240131,6,7,6,4,22153768.530000001,22700014.77,22426891.649999999,3538260.32,883251.94,457238.77,426013.17,120233.07,130,24295.8,2026-08-18 01:27:35.973859 UTC
632,20240229,6,7,6,4,22700014.77,22569279.379999999,22634647.07,7076520.65,398195.83,274955.43,123240.39,-253975.78,130,24520.87,2026-08-18 01:27:35.973859 UTC
633,20240331,6,7,6,4,22569279.379999999,22992820.210000001,22781049.789999999,10614780.970000001,818493.85,315946.89,502546.96,-79006.13,130,24679.47,2026-08-18 01:27:35.973859 UTC
634,20240430,6,7,6,4,22992820.210000001,23558961.239999998,23275890.73,14153041.300000001,876596.61,406192.01,470404.6,95736.43,130,25215.55,2026-08-18 01:27:35.973859 UTC
635,20240531,6,7,6,4,23558961.239999998,23914247.5,23736604.370000001,17691301.620000001,639924.65,320139.15,319785.5,35500.75,130,25714.65,2026-08-18 01:27:35.973859 UTC
636,20240630,6,7,6,4,23914247.5,24441792.649999999,24178020.07,21229561.949999999,902893.61,680289.04,222604.57,304940.58,130,26192.86,2026-08-18 01:27:35.973859 UTC
637,20240731,6,7,6,4,24441792.649999999,25279599.969999999,24860696.309999999,24767822.27,942864.47,417800.51,525063.97,312743.35,130,26932.42,2026-08-18 01:27:35.973859 UTC
638,20240831,6,7,6,4,25279599.969999999,25381420.390000001,25330510.18,28306082.600000001,442571.54,713854.32,-271282.77,373103.2,130,27441.39,2026-08-18 01:27:35.973859 UTC
639,20240930,6,7,6,4,25381420.390000001,25469712.25,25425566.32,31844342.920000002,525730.49,218722.97,307007.52,-218715.66,130,27544.36,2026-08-18 01:27:35.973859 UTC
640,20241031,6,7,6,4,25469712.25,25752289.199999999,25611000.719999999,35382603.240000002,837322.43,306229.61,531092.83,-248515.88,130,27745.25,2026-08-18 01:27:35.973859 UTC
641,20241130,6,7,6,4,25752289.199999999,25588943.440000001,25670616.32,38920863.57,421553.26,552858.59,-131305.33,-32040.43,130,27809.83,2026-08-18 01:27:35.973859 UTC
642,20241231,6,7,6,4,25588943.440000001,25799669.489999998,25694306.469999999,42459123.890000001,786048.06,476375.36,309672.7,-98946.64,130,27835.5,2026-08-18 01:27:35.973859 UTC
643,20250131,6,7,6,4,25799669.489999998,25940866.710000001,25870268.100000001,45997384.219999999,330647.7,329083.99,1563.71,139633.51,130,28026.12,2026-08-18 01:27:35.973859 UTC
644,20250228,6,7,6,4,25940866.710000001,26760847.289999999,26350857,49535644.539999999,897187.09,265478.61,631708.48,188272.1,130,28546.76,2026-08-18 01:27:35.973859 UTC
645,20250331,6,7,6,4,26760847.289999999,26925928.039999999,26843387.66,53073904.869999997,534214.7,668561.38,-134346.67,299427.42,130,29080.34,2026-08-18 01:27:35.973859 UTC
646,20250430,6,7,6,4,26925928.039999999,26823576.890000001,26874752.460000001,56612165.189999998,784486.5,914400.31,-129913.81,27562.66,130,29114.32,2026-08-18 01:27:35.973859 UTC
647,20250531,6,7,6,4,26823576.890000001,26498025.710000001,26660801.300000001,60150425.520000003,867771.44,856979.69,10791.75,-336342.93,130,28882.53,2026-08-18 01:27:35.973859 UTC
648,20250630,6,7,6,4,26498025.710000001,27016420.649999999,26757223.18,63688685.840000004,951805.69,223872.38,727933.31,-209538.36,130,28986.99,2026-08-18 01:27:35.973859 UTC
649,20240131,7,7,6,4,17878967.420000002,17629204.260000002,17754085.84,2453775.44,226910.95,288060.83,-61149.88,-188613.29,105,15534.83,2026-08-18 01:27:35.973859 UTC
650,20240229,7,7,6,4,17629204.260000002,17881120.68,17755162.469999999,4907550.88,568078.89,270570.61,297508.28,-45591.86,105,15535.77,2026-08-18 01:27:35.973859 UTC
651,20240331,7,7,6,4,17881120.68,17883674.350000001,17882397.510000002,7361326.32,658204.73,470980.74,187224,-184670.33,105,15647.1,2026-08-18 01:27:35.973859 UTC
652,20240430,7,7,6,4,17883674.350000001,17488560.5,17686117.420000002,9815101.76,187451.62,591789.65,-404338.03,9224.18,105,15475.35,2026-08-18 01:27:35.973859 UTC
653,20240531,7,7,6,4,17488560.5,17555584.809999999,17522072.66,12268877.199999999,544232.76,518221.74,26011.03,41013.28,105,15331.81,2026-08-18 01:27:35.973859 UTC
654,20240630,7,7,6,4,17555584.809999999,17955216.149999999,17755400.48,14722652.640000001,683553.73,236280.37,447273.36,-47642.02,105,15535.98,2026-08-18 01:27:35.973859 UTC
655,20240731,7,7,6,4,17955216.149999999,18342350.07,18148783.109999999,17176428.079999998,657583.69,353523.47,304060.21,83073.71,105,15880.19,2026-08-18 01:27:35.973859 UTC
656,20240831,7,7,6,4,18342350.07,18852502.219999999,18597426.140000001,19630203.52,636149.61,229968.37,406181.23,103970.91,105,16272.75,2026-08-18 01:27:35.973859 UTC
657,20240930,7,7,6,4,18852502.219999999,18610212.390000001,18731357.300000001,22083978.960000001,191046.17,590097.17,-399051,156761.17,105,16389.94,2026-08-18 01:27:35.973859 UTC
658,20241031,7,7,6,4,18610212.390000001,18740899.920000002,18675556.16,24537754.399999999,231448.48,187726.52,43721.97,86965.56,105,16341.11,2026-08-18 01:27:35.973859 UTC
659,20241130,7,7,6,4,18740899.920000002,18981325.390000001,18861112.66,26991529.84,308929.15,184534.38,124394.77,116030.7,105,16503.47,2026-08-18 01:27:35.973859 UTC
660,20241231,7,7,6,4,18981325.390000001,19095997.530000001,19038661.460000001,29445305.280000001,729804.06,368862.92,360941.13,-246268.99,105,16658.83,2026-08-18 01:27:35.973859 UTC
661,20250131,7,7,6,4,19095997.530000001,19411891.34,19253944.440000001,31899080.73,557267.51,274146.7,283120.81,32772.99,105,16847.2,2026-08-18 01:27:35.973859 UTC
662,20250228,7,7,6,4,19411891.34,19370100.449999999,19390995.890000001,34352856.170000002,659583.92,615250.74,44333.18,-86124.07,105,16967.12,2026-08-18 01:27:35.973859 UTC
663,20250331,7,7,6,4,19370100.449999999,19465210.370000001,19417655.41,36806631.609999999,722756.14,397495.41,325260.72,-230150.8,105,16990.45,2026-08-18 01:27:35.973859 UTC
664,20250430,7,7,6,4,19465210.370000001,19913921.379999999,19689565.879999999,39260407.049999997,657095.61,343858.34,313237.27,135473.74,105,17228.37,2026-08-18 01:27:35.973859 UTC
665,20250531,7,7,6,4,19913921.379999999,20015080.77,19964501.079999998,41714182.490000002,297502.63,382993.56,-85490.93,186650.32,105,17468.94,2026-08-18 01:27:35.973859 UTC
666,20250630,7,7,6,4,20015080.77,20560482.27,20287781.52,44167957.93,722100.02,319813.56,402286.47,143115.04,105,17751.81,2026-08-18 01:27:35.973859 UTC
667,20240131,8,7,6,4,15473893.890000001,15281711.050000001,15377802.470000001,3294500.33,339346.07,523891.9,-184545.83,-7637,35,4485.19,2026-08-18 01:27:35.973859 UTC
668,20240229,8,7,6,4,15281711.050000001,15027570.09,15154640.57,6589000.65,251621.46,513264.5,-261643.04,7502.08,35,4420.1,2026-08-18 01:27:35.973859 UTC
669,20240331,8,7,6,4,15027570.09,15108104.300000001,15067837.199999999,9883500.98,343284.41,264165.41,79119,1415.21,35,4394.79,2026-08-18 01:27:35.973859 UTC
670,20240430,8,7,6,4,15108104.300000001,15281722.49,15194913.4,13178001.310000001,471507.16,294799.72,176707.44,-3089.26,35,4431.85,2026-08-18 01:27:35.973859 UTC
671,20240531,8,7,6,4,15281722.49,15491033.119999999,15386377.810000001,16472501.640000001,548790.84,338511.9,210278.94,-968.31,35,4487.69,2026-08-18 01:27:35.973859 UTC
672,20240630,8,7,6,4,15491033.119999999,15331716.26,15411374.689999999,19767001.960000001,231210.32,386000.82,-154790.5,-4526.36,35,4494.98,2026-08-18 01:27:35.973859 UTC
673,20240731,8,7,6,4,15331716.26,15403161.93,15367439.09,23061502.289999999,365210.55,289287.91,75922.64,-4476.97,35,4482.17,2026-08-18 01:27:35.973859 UTC
674,20240831,8,7,6,4,15403161.93,15472024.970000001,15437593.449999999,26356002.620000001,198185.38,127720.38,70465,-1601.97,35,4502.63,2026-08-18 01:27:35.973859 UTC
675,20240930,8,7,6,4,15472024.970000001,15465322.24,15468673.609999999,29650502.940000001,221451.19,231194.39,-9743.2,3040.48,35,4511.7,2026-08-18 01:27:35.973859 UTC
676,20241031,8,7,6,4,15465322.24,15431541.09,15448431.67,32945003.27,334912.43,362158.33,-27245.89,-6535.26,35,4505.79,2026-08-18 01:27:35.973859 UTC
677,20241130,8,7,6,4,15431541.09,15247036.51,15339288.800000001,36239503.600000001,234898.42,412644.15,-177745.73,-6758.85,35,4473.96,2026-08-18 01:27:35.973859 UTC
678,20241231,8,7,6,4,15247036.51,15017443.689999999,15132240.1,39534003.920000002,221249,450748.8,-229499.8,-93.02,35,4413.57,2026-08-18 01:27:35.973859 UTC
679,20250131,8,7,6,4,15017443.689999999,14975325.73,14996384.710000001,42828504.25,291706.72,336824.88,-45118.16,3000.2,35,4373.95,2026-08-18 01:27:35.973859 UTC
680,20250228,8,7,6,4,14975325.73,14795973.34,14885649.529999999,46123004.579999998,255362.01,440612.07,-185250.06,5897.67,35,4341.65,2026-08-18 01:27:35.973859 UTC
681,20250331,8,7,6,4,14795973.34,14838485.550000001,14817229.439999999,49417504.909999996,549232.91,511943.32,37289.58,5222.63,35,4321.69,2026-08-18 01:27:35.973859 UTC
682,20250430,8,7,6,4,14838485.550000001,14788523.09,14813504.32,52712005.229999997,377344.72,432280.59,-54935.86,4973.4,35,4320.61,2026-08-18 01:27:35.973859 UTC
683,20250531,8,7,6,4,14788523.09,14769430.15,14778976.619999999,56006505.560000002,193763.75,209024.39,-15260.64,-3832.3,35,4310.53,2026-08-18 01:27:35.973859 UTC
684,20250630,8,7,6,4,14769430.15,15045797.949999999,14907614.050000001,59301005.890000001,470274.1,199222.78,271051.32,5316.49,35,4348.05,2026-08-18 01:27:35.973859 UTC
685,20240131,9,7,6,4,36529570.909999996,36678559.020000003,36604064.969999999,2428630.1,610229.67,967814.64,-357584.97,506573.08,175,53380.93,2026-08-18 01:27:35.973859 UTC
686,20240229,9,7,6,4,36678559.020000003,36294879.869999997,36486719.450000003,4857260.2,793982.3,469484.47,324497.83,-708176.98,175,53209.8,2026-08-18 01:27:35.973859 UTC
687,20240331,9,7,6,4,36294879.869999997,36288686.460000001,36291783.170000002,7285890.3,426322.18,708300.83,-281978.66,275785.24,175,52925.52,2026-08-18 01:27:35.973859 UTC
688,20240430,9,7,6,4,36288686.460000001,36912141.740000002,36600414.100000001,9714520.4,534313.3,741625.21,-207311.91,830767.19,175,53375.6,2026-08-18 01:27:35.973859 UTC
689,20240531,9,7,6,4,36912141.740000002,37949701.93,37430921.840000004,12143150.5,393131.66,482212.12,-89080.45,1126640.64,175,54586.76,2026-08-18 01:27:35.973859 UTC
690,20240630,9,7,6,4,37949701.93,36981407.020000003,37465554.469999999,14571780.6,600966.54,774753.08,-173786.54,-794508.37,175,54637.27,2026-08-18 01:27:35.973859 UTC
691,20240731,9,7,6,4,36981407.020000003,37829489.729999997,37405448.380000003,17000410.699999999,972999.8,658230.68,314769.12,533313.59,175,54549.61,2026-08-18 01:27:35.973859 UTC
692,20240831,9,7,6,4,37829489.729999997,38083221.340000004,37956355.539999999,19429040.800000001,1416646.09,1334215.62,82430.47,171301.13,175,55353.02,2026-08-18 01:27:35.973859 UTC
693,20240930,9,7,6,4,38083221.340000004,39408429.68,38745825.509999998,21857670.899999999,1233707.19,608145.53,625561.66,699646.68,175,56504.33,2026-08-18 01:27:35.973859 UTC
694,20241031,9,7,6,4,39408429.68,41026207.380000003,40217318.530000001,24286301,1566167.67,1186887.28,379280.39,1238497.3,175,58650.26,2026-08-18 01:27:35.973859 UTC
695,20241130,9,7,6,4,41026207.380000003,40528150.210000001,40777178.789999999,26714931.100000001,740182.82,611974.59,128208.23,-626265.39,175,59466.72,2026-08-18 01:27:35.973859 UTC
696,20241231,9,7,6,4,40528150.210000001,42658271.869999997,41593211.039999999,29143561.199999999,1574558.23,460036.46,1114521.77,1015599.9,175,60656.77,2026-08-18 01:27:35.973859 UTC
697,20250131,9,7,6,4,42658271.869999997,42534950.259999998,42596611.060000002,31572191.300000001,1594824,794699.47,800124.53,-923446.15,175,62120.06,2026-08-18 01:27:35.973859 UTC
698,20250228,9,7,6,4,42534950.259999998,41195914.5,41865432.380000003,34000821.399999999,525420.98,1455270.44,-929849.46,-409186.3,175,61053.76,2026-08-18 01:27:35.973859 UTC
699,20250331,9,7,6,4,41195914.5,41864619.880000003,41530267.189999998,36429451.5,1064589.36,1034030.9,30558.46,638146.92,175,60564.97,2026-08-18 01:27:35.973859 UTC
700,20250430,9,7,6,4,41864619.880000003,41724718.43,41794669.149999999,38858081.600000001,534743.13,978031.1,-443287.97,303386.53,175,60950.56,2026-08-18 01:27:35.973859 UTC
701,20250531,9,7,6,4,41724718.43,42854323.990000002,42289521.210000001,41286711.700000003,1305338.43,1417283.41,-111944.99,1241550.55,175,61672.22,2026-08-18 01:27:35.973859 UTC
702,20250630,9,7,6,4,42854323.990000002,41678231.380000003,42266277.689999998,43715341.799999997,1204881.71,1375737.65,-170855.94,-1005236.67,175,61638.32,2026-08-18 01:27:35.973859 UTC
703,20240131,2,8,5,4,5312956.92,5357805.89,5335381.41,779978.41,200338.48,51056.17,149282.31,-104433.35,150,6669.23,2026-08-18 01:27:35.973859 UTC
704,20240229,2,8,5,4,5357805.89,5494345.95,5426075.92,1559956.81,72704.19,76581.31,-3877.12,140417.18,150,6782.59,2026-08-18 01:27:35.973859 UTC
705,20240331,2,8,5,4,5494345.95,5399342.84,5446844.39,2339935.22,73650.4,86220.32,-12569.92,-82433.19,150,6808.56,2026-08-18 01:27:35.973859 UTC
706,20240430,2,8,5,4,5399342.84,5613149.45,5506246.14,3119913.63,126911.2,44024.14,82887.06,130919.55,150,6882.81,2026-08-18 01:27:35.973859 UTC
707,20240531,2,8,5,4,5613149.45,5744215.41,5678682.43,3899892.03,194994.5,111466.6,83527.89,47538.07,150,7098.35,2026-08-18 01:27:35.973859 UTC
708,20240630,2,8,5,4,5744215.41,5855292.51,5799753.96,4679870.44,145855.29,180249.1,-34393.8,145470.91,150,7249.69,2026-08-18 01:27:35.973859 UTC
709,20240731,2,8,5,4,5855292.51,5823449.06,5839370.79,5459848.84,145701.86,169791.77,-24089.91,-7753.54,150,7299.21,2026-08-18 01:27:35.973859 UTC
710,20240831,2,8,5,4,5823449.06,5596107.27,5709778.17,6239827.25,81939.07,152736.78,-70797.72,-156544.07,150,7137.22,2026-08-18 01:27:35.973859 UTC
711,20240930,2,8,5,4,5596107.27,5782328.61,5689217.94,7019805.66,143661.34,89502.84,54158.5,132062.84,150,7111.52,2026-08-18 01:27:35.973859 UTC
712,20241031,2,8,5,4,5782328.61,5776022.45,5779175.53,7799784.06,201947.32,169068.29,32879.03,-39185.19,150,7223.97,2026-08-18 01:27:35.973859 UTC
713,20241130,2,8,5,4,5776022.45,5859376.46,5817699.46,8579762.470000001,212926.37,197007.89,15918.49,67435.52,150,7272.12,2026-08-18 01:27:35.973859 UTC
714,20241231,2,8,5,4,5859376.46,6026857.98,5943117.22,9359740.880000001,174654.75,82693.06,91961.69,75519.83,150,7428.9,2026-08-18 01:27:35.973859 UTC
715,20250131,2,8,5,4,6026857.98,5987456.99,6007157.49,10139719.279999999,215689.61,187623.1,28066.51,-67467.5,150,7508.95,2026-08-18 01:27:35.973859 UTC
716,20250228,2,8,5,4,5987456.99,6160135.53,6073796.26,10919697.689999999,226924.3,128070.75,98853.55,73824.99,150,7592.25,2026-08-18 01:27:35.973859 UTC
717,20250331,2,8,5,4,6160135.53,6303152.25,6231643.89,11699676.09,206259.81,186599.27,19660.54,123356.18,150,7789.55,2026-08-18 01:27:35.973859 UTC
718,20250430,2,8,5,4,6303152.25,6188175.75,6245664,12479654.5,234134.79,192542.29,41592.5,-156569.01,150,7807.08,2026-08-18 01:27:35.973859 UTC
719,20250531,2,8,5,4,6188175.75,6268337.12,6228256.43,13259632.91,84987.05,140783.46,-55796.42,135957.79,150,7785.32,2026-08-18 01:27:35.973859 UTC
720,20250630,2,8,5,4,6268337.12,6439209.72,6353773.42,14039611.310000001,81286.66,87052.37,-5765.7,176638.3,150,7942.22,2026-08-18 01:27:35.973859 UTC
721,20240131,3,8,5,4,10797051.710000001,10743120.550000001,10770086.130000001,855102.55,221314.93,353979.8,-132664.88,78733.72,195,17501.39,2026-08-18 01:27:35.973859 UTC
722,20240229,3,8,5,4,10743120.550000001,10853022.27,10798071.41,1710205.1,403453.26,292967.96,110485.29,-583.58,195,17546.87,2026-08-18 01:27:35.973859 UTC
723,20240331,3,8,5,4,10853022.27,10681897.76,10767460.01,2565307.65,159221.08,305852.42,-146631.33,-24493.17,195,17497.12,2026-08-18 01:27:35.973859 UTC
724,20240430,3,8,5,4,10681897.76,10688428.210000001,10685162.98,3420410.2,394808.48,200736.94,194071.54,-187541.09,195,17363.39,2026-08-18 01:27:35.973859 UTC
725,20240531,3,8,5,4,10688428.210000001,10717721.65,10703074.93,4275512.75,283784.1,349120.23,-65336.13,94629.57,195,17392.5,2026-08-18 01:27:35.973859 UTC
726,20240630,3,8,5,4,10717721.65,10538058,10627889.82,5130615.3,398249.63,317838.21,80411.42,-260075.07,195,17270.32,2026-08-18 01:27:35.973859 UTC
727,20240731,3,8,5,4,10538058,10341565.57,10439811.789999999,5985717.85,351410.8,319745.64,31665.16,-228157.59,195,16964.69,2026-08-18 01:27:35.973859 UTC
728,20240831,3,8,5,4,10341565.57,10313477.619999999,10327521.59,6840820.4,269114.52,98732.55,170381.98,-198469.93,195,16782.22,2026-08-18 01:27:35.973859 UTC
729,20240930,3,8,5,4,10313477.619999999,10559335.310000001,10436406.460000001,7695922.94,240786.74,170892.09,69894.65,175963.04,195,16959.16,2026-08-18 01:27:35.973859 UTC
730,20241031,3,8,5,4,10559335.310000001,11002378.869999999,10780857.09,8551025.49,328460.35,202381.79,126078.56,316965,195,17518.89,2026-08-18 01:27:35.973859 UTC
731,20241130,3,8,5,4,11002378.869999999,11332212.029999999,11167295.449999999,9406128.039999999,381043.53,263499.53,117544,212289.15,195,18146.86,2026-08-18 01:27:35.973859 UTC
732,20241231,3,8,5,4,11332212.029999999,11411480.949999999,11371846.49,10261230.59,442579.97,219124.37,223455.6,-144186.68,195,18479.25,2026-08-18 01:27:35.973859 UTC
733,20250131,3,8,5,4,11411480.949999999,11346164.02,11378822.48,11116333.140000001,195577.89,259545.57,-63967.67,-1349.25,195,18490.59,2026-08-18 01:27:35.973859 UTC
734,20250228,3,8,5,4,11346164.02,11793753.279999999,11569958.65,11971435.689999999,287471.01,167192.68,120278.33,327310.93,195,18801.18,2026-08-18 01:27:35.973859 UTC
735,20250331,3,8,5,4,11793753.279999999,11925150.84,11859452.060000001,12826538.24,429345.36,409681.22,19664.14,111733.42,195,19271.61,2026-08-18 01:27:35.973859 UTC
736,20250430,3,8,5,4,11925150.84,12055223.17,11990187.01,13681640.789999999,147131.31,409760.71,-262629.4,392701.73,195,19484.05,2026-08-18 01:27:35.973859 UTC
737,20250531,3,8,5,4,12055223.17,12337344.65,12196283.91,14536743.34,341359.67,345206.09,-3846.42,285967.9,195,19818.96,2026-08-18 01:27:35.973859 UTC
738,20250630,3,8,5,4,12337344.65,12283879.18,12310611.92,15391845.890000001,151921.4,292529.48,-140608.08,87142.6,195,20004.74,2026-08-18 01:27:35.973859 UTC
739,20240131,4,8,5,4,10937439.800000001,11116705.859999999,11027072.83,1089883.17,391789.02,196520.36,195268.66,-16002.6,95,8729.77,2026-08-18 01:27:35.973859 UTC
740,20240229,4,8,5,4,11116705.859999999,11359390.59,11238048.220000001,2179766.35,387355.09,127545.32,259809.77,-17125.04,95,8896.79,2026-08-18 01:27:35.973859 UTC
741,20240331,4,8,5,4,11359390.59,11504925.57,11432158.08,3269649.52,289589.59,200626.61,88962.98,56572.01,95,9050.46,2026-08-18 01:27:35.973859 UTC
742,20240430,4,8,5,4,11504925.57,11758112.380000001,11631518.970000001,4359532.7,352389.72,183528.92,168860.8,84326,95,9208.29,2026-08-18 01:27:35.973859 UTC
743,20240531,4,8,5,4,11758112.380000001,11874370.85,11816241.609999999,5449415.87,151802.29,121341.93,30460.36,85798.11,95,9354.52,2026-08-18 01:27:35.973859 UTC
744,20240630,4,8,5,4,11874370.85,11786659.91,11830515.380000001,6539299.05,217870.51,255779.52,-37909.01,-49801.93,95,9365.82,2026-08-18 01:27:35.973859 UTC
745,20240731,4,8,5,4,11786659.91,11907053.5,11846856.699999999,7629182.22,369824.08,335866.45,33957.63,86435.96,95,9378.76,2026-08-18 01:27:35.973859 UTC
746,20240831,4,8,5,4,11907053.5,11889720.98,11898387.24,8719065.4,287043.16,305048,-18004.84,672.33,95,9419.56,2026-08-18 01:27:35.973859 UTC
747,20240930,4,8,5,4,11889720.98,12250501.24,12070111.109999999,9808948.57,457295.85,105054.54,352241.31,8538.95,95,9555.5,2026-08-18 01:27:35.973859 UTC
748,20241031,4,8,5,4,12250501.24,12479490.08,12364995.66,10898831.75,412854.89,145426.26,267428.63,-38439.79,95,9788.95,2026-08-18 01:27:35.973859 UTC
749,20241130,4,8,5,4,12479490.08,12515341.02,12497415.550000001,11988714.92,146812.49,142280.59,4531.91,31319.04,95,9893.79,2026-08-18 01:27:35.973859 UTC
750,20241231,4,8,5,4,12515341.02,12611401.310000001,12563371.16,13078598.1,125866.99,123504.84,2362.15,93698.14,95,9946,2026-08-18 01:27:35.973859 UTC
751,20250131,4,8,5,4,12611401.310000001,12501143.439999999,12556272.369999999,14168481.27,300808.7,363504.89,-62696.19,-47561.67,95,9940.38,2026-08-18 01:27:35.973859 UTC
752,20250228,4,8,5,4,12501143.439999999,12470511.5,12485827.470000001,15258364.439999999,266232.98,393740.45,-127507.47,96875.53,95,9884.61,2026-08-18 01:27:35.973859 UTC
753,20250331,4,8,5,4,12470511.5,12712284.48,12591397.99,16348247.619999999,294646.93,100617.84,194029.09,47743.89,95,9968.19,2026-08-18 01:27:35.973859 UTC
754,20250430,4,8,5,4,12712284.48,12662819.15,12687551.810000001,17438130.789999999,415771.82,387711.51,28060.3,-77525.63,95,10044.31,2026-08-18 01:27:35.973859 UTC
755,20250531,4,8,5,4,12662819.15,12625524.41,12644171.779999999,18528013.969999999,374050.09,430463.11,-56413.02,19118.28,95,10009.97,2026-08-18 01:27:35.973859 UTC
756,20250630,4,8,5,4,12625524.41,12698824.720000001,12662174.57,19617897.140000001,161120.56,109428.18,51692.38,21607.93,95,10024.22,2026-08-18 01:27:35.973859 UTC
757,20240131,6,8,5,4,5859203.96,5719639.04,5789421.5,1121263.95,63016.19,163832.27,-100816.08,-38748.84,130,6271.87,2026-08-18 01:27:35.973859 UTC
758,20240229,6,8,5,4,5719639.04,5844999.41,5782319.22,2242527.9,208753.48,132074.83,76678.65,48681.72,130,6264.18,2026-08-18 01:27:35.973859 UTC
759,20240331,6,8,5,4,5844999.41,5933488.24,5889243.83,3363791.84,141489.43,146070.78,-4581.34,93070.18,130,6380.01,2026-08-18 01:27:35.973859 UTC
760,20240430,6,8,5,4,5933488.24,5993583.09,5963535.67,4485055.79,201161.38,118489.39,82671.99,-22577.14,130,6460.5,2026-08-18 01:27:35.973859 UTC
761,20240531,6,8,5,4,5993583.09,5844023.56,5918803.32,5606319.74,71409.76,192121.23,-120711.47,-28848.06,130,6412.04,2026-08-18 01:27:35.973859 UTC
762,20240630,6,8,5,4,5844023.56,5816716.51,5830370.03,6727583.69,222342.71,200462.1,21880.61,-49187.66,130,6316.23,2026-08-18 01:27:35.973859 UTC
763,20240731,6,8,5,4,5816716.51,6005124.15,5910920.33,7848847.64,217925.84,78302.33,139623.52,48784.13,130,6403.5,2026-08-18 01:27:35.973859 UTC
764,20240831,6,8,5,4,6005124.15,6034215.88,6019670.02,8970111.58,166496,197547.83,-31051.83,60143.56,130,6521.31,2026-08-18 01:27:35.973859 UTC
765,20240930,6,8,5,4,6034215.88,6025586.66,6029901.27,10091375.529999999,89884.89,178550.07,-88665.18,80035.96,130,6532.39,2026-08-18 01:27:35.973859 UTC
766,20241031,6,8,5,4,6025586.66,6072539.71,6049063.18,11212639.48,141082.48,128346.58,12735.9,34217.16,130,6553.15,2026-08-18 01:27:35.973859 UTC
767,20241130,6,8,5,4,6072539.71,6085788.23,6079163.97,12333903.43,116339.12,198431.17,-82092.04,95340.56,130,6585.76,2026-08-18 01:27:35.973859 UTC
768,20241231,6,8,5,4,6085788.23,6144809.61,6115298.92,13455167.380000001,173274.72,199666.21,-26391.49,85412.87,130,6624.91,2026-08-18 01:27:35.973859 UTC
769,20250131,6,8,5,4,6144809.61,6053772.82,6099291.21,14576431.32,97363.37,182329.8,-84966.44,-6070.36,130,6607.57,2026-08-18 01:27:35.973859 UTC
770,20250228,6,8,5,4,6053772.82,6014664.02,6034218.42,15697695.27,196363.83,201916.87,-5553.04,-33555.76,130,6537.07,2026-08-18 01:27:35.973859 UTC
771,20250331,6,8,5,4,6014664.02,5988061.08,6001362.55,16818959.219999999,143866,150057.68,-6191.68,-20411.26,130,6501.48,2026-08-18 01:27:35.973859 UTC
772,20250430,6,8,5,4,5988061.08,5971508.36,5979784.72,17940223.170000002,174143.78,164884.9,9258.88,-25811.6,130,6478.1,2026-08-18 01:27:35.973859 UTC
773,20250531,6,8,5,4,5971508.36,6008560.72,5990034.54,19061487.120000001,155333.59,157844.34,-2510.75,39563.11,130,6489.2,2026-08-18 01:27:35.973859 UTC
774,20250630,6,8,5,4,6008560.72,5934307.81,5971434.27,20182751.059999999,116858.46,165010.87,-48152.41,-26100.5,130,6469.05,2026-08-18 01:27:35.973859 UTC
775,20240131,9,8,5,4,5673266.66,5829814.67,5751540.66,722001.57,161404.7,155050.94,6353.76,150194.24,175,8387.66,2026-08-18 01:27:35.973859 UTC
776,20240229,9,8,5,4,5829814.67,5844864.71,5837339.69,1444003.14,126817.77,138352.35,-11534.59,26584.63,175,8512.79,2026-08-18 01:27:35.973859 UTC
777,20240331,9,8,5,4,5844864.71,5744064.84,5794464.78,2166004.71,60429.72,70647.92,-10218.19,-90581.67,175,8450.26,2026-08-18 01:27:35.973859 UTC
778,20240430,9,8,5,4,5744064.84,5908514.9,5826289.87,2888006.28,180281.78,189672.15,-9390.37,173840.43,175,8496.67,2026-08-18 01:27:35.973859 UTC
779,20240531,9,8,5,4,5908514.9,6062478.9,5985496.9,3610007.85,202935.37,66735.8,136199.57,17764.43,175,8728.85,2026-08-18 01:27:35.973859 UTC
780,20240630,9,8,5,4,6062478.9,6308083.82,6185281.36,4332009.41,102891.03,54278.82,48612.21,196992.71,175,9020.2,2026-08-18 01:27:35.973859 UTC
781,20240731,9,8,5,4,6308083.82,6274343.02,6291213.42,5054010.98,205405.31,186578.18,18827.13,-52567.93,175,9174.69,2026-08-18 01:27:35.973859 UTC
782,20240831,9,8,5,4,6274343.02,6287582.13,6280962.57,5776012.55,187860.29,209165.2,-21304.91,34544.02,175,9159.74,2026-08-18 01:27:35.973859 UTC
783,20240930,9,8,5,4,6287582.13,6212294.54,6249938.33,6498014.12,168981.62,97952.21,71029.41,-146317,175,9114.49,2026-08-18 01:27:35.973859 UTC
784,20241031,9,8,5,4,6212294.54,6254010.63,6233152.58,7220015.69,78505.46,95978.14,-17472.68,59188.77,175,9090.01,2026-08-18 01:27:35.973859 UTC
785,20241130,9,8,5,4,6254010.63,6556802.82,6405406.72,7942017.26,222581.48,72278.99,150302.49,152489.7,175,9341.22,2026-08-18 01:27:35.973859 UTC
786,20241231,9,8,5,4,6556802.82,6748154.91,6652478.87,8664018.83,169917.43,170656.12,-738.69,192090.78,175,9701.53,2026-08-18 01:27:35.973859 UTC
787,20250131,9,8,5,4,6748154.91,6811211.82,6779683.37,9386020.4,101121.03,70228.31,30892.73,32164.17,175,9887.04,2026-08-18 01:27:35.973859 UTC
788,20250228,9,8,5,4,6811211.82,6766642.5,6788927.16,10108021.970000001,215955.06,93314.3,122640.76,-167210.08,175,9900.52,2026-08-18 01:27:35.973859 UTC
789,20250331,9,8,5,4,6766642.5,6880160.63,6823401.56,10830023.539999999,165466.59,201063.64,-35597.05,149115.17,175,9950.79,2026-08-18 01:27:35.973859 UTC
790,20250430,9,8,5,4,6880160.63,7115059.06,6997609.84,11552025.1,239590.74,172621.67,66969.06,167929.36,175,10204.85,2026-08-18 01:27:35.973859 UTC
791,20250531,9,8,5,4,7115059.06,7021192.86,7068125.96,12274026.67,132519.92,70015.92,62504.01,-156370.21,175,10307.68,2026-08-18 01:27:35.973859 UTC
792,20250630,9,8,5,4,7021192.86,6962198.74,6991695.8,12996028.24,184050.34,130578.78,53471.56,-112465.68,175,10196.22,2026-08-18 01:27:35.973859 UTC